label,packet_size,duration,protocol,network
non-reel,613,2.343351515920681,TCP,good
non-reel,528,8.959669873365616,TCP,poor
reel,1436,18.99781235951843,UDP,medium
reel,1869,19.896082369481693,UDP,medium
reel,2026,15.437095939708861,UDP,good
reel,2069,15.120253795731742,TCP,good
reel,2080,15.1994761597167,TCP,good
reel,2102,13.748419560794769,UDP,good
reel,2224,15.344518366026962,UDP,good
non-reel,682,3.8834421787202937,TCP,medium
non-reel,607,3.0433204468073827,HTTP,medium
non-reel,447,1.6539924451948567,TCP,good
reel,1757,19.146411333076742,UDP,medium
non-reel,398,3.2598135480077164,HTTP,medium
reel,1710,16.83233234547834,UDP,good
non-reel,591,1.7686667864123253,TCP,good
non-reel,417,2.492412915257574,TCP,good
non-reel,827,2.83288725589561,TCP,good
reel,1992,17.053475953118785,UDP,good
reel,1709,17.949321936938745,UDP,medium
non-reel,665,2.6941857049782194,HTTP,medium
non-reel,426,1.2011615395857662,HTTP,medium
reel,1948,15.160350304577426,TCP,good
non-reel,652,4.761402727136563,TCP,poor
non-reel,323,4.209207697299451,HTTP,good
non-reel,426,2.2618149804516197,TCP,good
reel,1373,22.795216664071827,TCP,poor
reel,1856,18.200537714774363,TCP,medium
reel,1449,19.899630896386505,UDP,poor
non-reel,188,1.1648522492394173,HTTP,poor
reel,1816,16.620717508056053,UDP,good
non-reel,938,0.40413329621910066,TCP,good
non-reel,663,2.2939416057205513,HTTP,good
non-reel,476,1.8168419564179679,HTTP,good
non-reel,323,0.6134727594682365,TCP,poor
reel,2748,16.237883678391366,TCP,good
non-reel,868,1.7077336935883094,HTTP,good
non-reel,272,1.4123972146460626,HTTP,good
reel,1608,18.616423854449916,TCP,medium
non-reel,564,0.8834613934580648,HTTP,poor
non-reel,544,0.855381190439142,TCP,good
non-reel,827,1.703337583666094,TCP,good
reel,2352,14.85482988939233,UDP,good
non-reel,421,6.423363572033756,HTTP,poor
reel,1458,23.754261556802263,UDP,poor
non-reel,476,1.8359434354038557,HTTP,medium
non-reel,596,3.4319133785147353,TCP,poor
reel,2299,16.701132927177547,UDP,good
reel,1586,25.72920567260353,UDP,poor
reel,1783,17.714655093273326,TCP,good
reel,2150,15.1973482808376,TCP,good
non-reel,304,7.598797364511832,HTTP,poor
reel,2049,18.830896694053337,TCP,medium
reel,2095,16.07634063765323,TCP,good
non-reel,631,1.1746533566714996,HTTP,poor
reel,1695,18.161829690366694,TCP,medium
non-reel,503,4.816777919467221,TCP,medium
reel,1786,21.091287341595603,UDP,medium
non-reel,593,2.795873652510397,TCP,good
non-reel,825,3.8343563422553872,TCP,medium
reel,1171,24.644345946395866,UDP,poor
non-reel,737,4.081979815125559,TCP,good
non-reel,482,0.7192120808686793,TCP,good
non-reel,592,8.640456405138332,HTTP,poor
reel,1340,17.519878986235483,UDP,medium
non-reel,767,4.599050762411864,HTTP,medium
non-reel,538,4.6399184381662995,HTTP,good
non-reel,353,1.2468807528521424,HTTP,good
non-reel,563,1.6235175090439604,TCP,poor
non-reel,561,2.4876923039911905,TCP,good
non-reel,655,3.3346459051794204,TCP,good
reel,1645,17.492464689085804,TCP,poor
reel,1781,15.842964522676366,TCP,good
non-reel,272,5.748633434111618,HTTP,poor
reel,1416,26.356946736813505,UDP,poor
reel,2113,16.650194709772542,UDP,good
non-reel,369,2.5474751908950415,TCP,medium
reel,1541,18.789043152502956,TCP,medium
non-reel,664,2.436064725890194,TCP,medium
non-reel,616,11.33738367675967,HTTP,poor
non-reel,879,1.4692759881361717,HTTP,good
non-reel,360,4.47772255004474,TCP,poor
non-reel,-6,2.682988547335998,HTTP,medium
reel,2104,15.836264539026523,TCP,good
reel,2151,16.321072871914033,UDP,good
non-reel,216,2.418324387828963,HTTP,medium
non-reel,618,2.5375921257168583,TCP,good
non-reel,655,2.0509858108463295,HTTP,good
non-reel,668,3.23329445042853,TCP,good
non-reel,327,2.548042924885961,TCP,poor
reel,1716,19.257598794214008,TCP,medium
non-reel,540,3.7656418260348916,TCP,poor
non-reel,244,4.384965331977986,TCP,good
non-reel,692,4.853945106099201,HTTP,medium
non-reel,436,1.8006042001586842,HTTP,medium
reel,1852,18.401484683063973,TCP,medium
non-reel,459,1.0388805115521806,HTTP,good
non-reel,167,2.6110264182233136,TCP,medium
reel,1636,23.61674093328743,UDP,poor
non-reel,838,2.2685418406804607,TCP,medium
reel,1627,16.311874897039253,TCP,good
non-reel,251,2.449855770877533,TCP,medium
non-reel,618,2.4090352641408983,HTTP,good
reel,1790,14.097283197989034,UDP,good
non-reel,572,5.550096716849832,TCP,poor
non-reel,350,1.9898613548047674,TCP,medium
reel,1296,22.53274687216903,UDP,poor
non-reel,552,3.578704673197329,HTTP,medium
non-reel,-15,0.6549559798345017,HTTP,poor
non-reel,356,6.72189377139291,TCP,poor
reel,2402,16.23223348124509,UDP,good
reel,2117,16.22134858295679,UDP,good
non-reel,310,1.5597348838523017,TCP,medium
non-reel,809,1.1282486436824621,HTTP,good
reel,2412,16.034474483092445,UDP,good
non-reel,764,2.6645194174050473,HTTP,medium
non-reel,483,1.8839575403430833,TCP,good
non-reel,468,2.340881966984204,HTTP,good
non-reel,435,2.069331347821217,HTTP,medium
reel,1790,15.816545524004567,UDP,good
reel,2005,16.50201897278271,UDP,good
reel,1798,15.072362643423471,TCP,good
reel,1224,21.364862781329474,TCP,poor
reel,1764,19.041474899112256,UDP,medium
non-reel,487,1.9985438537065625,HTTP,good
non-reel,379,3.3931425917178357,HTTP,poor
non-reel,939,3.023769135688093,HTTP,medium
non-reel,673,0.7327778994985459,TCP,good
reel,1938,20.741429505453823,UDP,medium
reel,2087,15.756015488339374,TCP,good
non-reel,720,2.536712328575576,TCP,good
non-reel,330,1.25812006109213,TCP,good
non-reel,490,2.199346562570608,HTTP,good
reel,1647,18.85304063268249,TCP,medium
non-reel,420,1.9146465546544682,HTTP,medium
reel,1959,15.723858998589616,UDP,good
non-reel,451,1.0419314890773776,HTTP,poor
reel,1655,21.42382081538454,UDP,medium
non-reel,557,4.2510174267532586,TCP,poor
non-reel,460,3.434323075862904,TCP,medium
non-reel,816,2.7306405026627654,TCP,good
reel,1997,15.145419088465987,TCP,good
reel,1881,16.02149968409174,UDP,good
reel,1449,16.4896062595325,UDP,medium
reel,1846,14.933199113147,TCP,good
reel,1649,19.72886752070583,UDP,medium
reel,1940,18.889436340427558,UDP,medium
non-reel,255,0.7766040180708447,HTTP,medium
non-reel,718,1.503173255609526,HTTP,medium
reel,1981,16.80119345295591,TCP,good
reel,1533,17.39535311456596,UDP,medium
non-reel,246,3.022601128873798,TCP,medium
non-reel,529,1.8595816192747776,TCP,poor
reel,1618,16.858274176144562,UDP,good
reel,1907,16.48714002344837,UDP,good
non-reel,511,3.388690139785197,HTTP,good
reel,1967,15.62341097191519,UDP,good
non-reel,536,4.782962377039962,HTTP,poor
non-reel,387,3.180605169949792,TCP,medium
non-reel,534,1.6651967066604678,HTTP,medium
reel,1756,16.06167913648233,UDP,good
non-reel,611,1.789184713249762,TCP,good
non-reel,721,1.2487894205278673,TCP,good
non-reel,529,1.3310604065667508,HTTP,good
reel,2073,17.094731756595195,TCP,good
reel,1420,26.430502808284594,UDP,poor
reel,1631,18.81294933324422,TCP,medium
non-reel,497,0.9271519082321293,TCP,medium
non-reel,560,3.0686974288646827,HTTP,good
non-reel,205,3.6468307292222146,TCP,good
reel,1700,16.620391414509207,TCP,good
non-reel,686,2.2359368396322528,HTTP,good
non-reel,182,1.0677949086089764,TCP,good
reel,2231,15.899891163301955,UDP,good
non-reel,228,2.0880362091338753,HTTP,medium
non-reel,516,2.1953076739915725,TCP,medium
non-reel,694,2.407978900285002,HTTP,good
reel,1272,22.048334136231123,UDP,poor
reel,2232,16.058193768525193,UDP,good
reel,1125,26.742219040890532,TCP,poor
non-reel,691,1.4827582657671265,HTTP,medium
reel,1729,19.452631352743186,TCP,medium
non-reel,569,2.8978660166011614,TCP,good
reel,1902,18.896454728027837,UDP,medium
reel,1507,17.833070129157775,TCP,poor
non-reel,359,1.6090818314373907,HTTP,good
reel,1682,30.79899996230251,UDP,poor
non-reel,620,5.87761560215827,HTTP,poor
non-reel,620,1.2878850185243698,HTTP,good
non-reel,539,2.6012467004059148,HTTP,medium
reel,1667,22.64768747550745,TCP,poor
reel,2331,16.082363140097865,TCP,good
non-reel,542,4.614515286665918,HTTP,poor
non-reel,367,3.2861824742316976,TCP,good
non-reel,444,4.08867346008143,HTTP,poor
non-reel,674,2.109053461881269,TCP,medium
reel,1833,16.883382433525757,TCP,good
reel,1758,15.212234909980783,UDP,good
non-reel,511,3.534903052844083,HTTP,medium
non-reel,442,9.154850143794041,HTTP,poor
non-reel,495,4.118511374752805,HTTP,poor
non-reel,756,1.3173288696914844,TCP,medium
non-reel,-16,5.56980493116739,TCP,poor
non-reel,529,3.381722533167678,HTTP,medium
reel,1958,14.927334895079843,TCP,good
non-reel,603,3.1134563093558274,TCP,good
non-reel,633,2.544225337364371,HTTP,good
non-reel,625,0.4771466117301264,TCP,poor
non-reel,711,2.660346789623924,HTTP,good
non-reel,410,3.203986219093689,TCP,poor
reel,1717,17.34861493103379,UDP,medium
non-reel,621,2.7098758333920423,HTTP,good
reel,1973,14.393264120470894,TCP,good
reel,2264,16.45730476710083,TCP,good
reel,1617,14.551518301158193,TCP,good
non-reel,229,3.4567517329816257,TCP,medium
reel,2319,16.099618046767443,TCP,good
non-reel,534,0.7870197332218263,TCP,poor
non-reel,546,5.081967696731355,HTTP,poor
reel,2231,17.028667566034073,TCP,good
reel,1596,14.413377279613158,TCP,good
reel,2287,15.035379661205656,UDP,good
reel,1466,18.03637148764724,TCP,medium
non-reel,313,2.598560480693961,HTTP,medium
reel,2207,17.356019770935237,UDP,good
non-reel,368,2.403841769683778,TCP,good
non-reel,706,3.795251013581329,HTTP,good
non-reel,705,2.8601533956183536,TCP,poor
non-reel,470,3.6682880875622805,TCP,good
non-reel,302,1.601812387499307,HTTP,poor
non-reel,734,1.9986179813453626,TCP,good
non-reel,689,1.2465865315375193,TCP,medium
non-reel,668,3.2001289123882346,TCP,good
reel,1083,23.18989264366248,TCP,poor
non-reel,922,1.920809898711924,HTTP,good
non-reel,724,1.359511999054681,HTTP,good
reel,928,25.503048848154403,TCP,poor
non-reel,330,3.225767203125885,HTTP,medium
non-reel,387,1.4109128536095017,HTTP,good
non-reel,444,3.7800580965029518,HTTP,good
reel,2051,15.90118116386416,TCP,good
non-reel,456,2.229851032435521,HTTP,good
non-reel,844,4.245068442392768,TCP,good
reel,1621,23.45832606821889,UDP,poor
non-reel,434,3.142866674587055,HTTP,poor
non-reel,299,2.607443507199729,HTTP,medium
reel,1999,18.146402181016168,UDP,good
non-reel,501,10.159216456313752,HTTP,poor
non-reel,832,3.4742296316263754,TCP,good
non-reel,507,2.3102100326912676,TCP,good
reel,2015,15.337152154562467,UDP,good
non-reel,220,4.991899606469444,HTTP,poor
reel,1907,16.031924826026238,UDP,good
non-reel,833,0.9063406785779107,HTTP,good
non-reel,919,3.643814459111125,TCP,good
non-reel,351,2.2213896401637845,TCP,poor
non-reel,547,3.148794693318745,TCP,good
non-reel,447,2.381370993213221,HTTP,good
reel,1394,19.1271790765781,UDP,medium
non-reel,674,1.1565705283779004,HTTP,good
non-reel,694,1.6199545279969552,HTTP,good
non-reel,540,1.7890126772134236,HTTP,poor
non-reel,515,2.9779871957972732,HTTP,medium
non-reel,615,3.3382998148215917,HTTP,medium
non-reel,633,2.211244936084255,HTTP,good
reel,1948,18.43791288714547,UDP,medium
non-reel,584,4.0531661578449,HTTP,medium
non-reel,890,2.490814947748699,HTTP,good
reel,2214,16.475760379536332,UDP,good
non-reel,491,4.871830118399828,HTTP,poor
non-reel,351,1.6207364415633307,TCP,good
reel,1803,18.561152263372882,UDP,medium
non-reel,664,3.35558681917719,HTTP,good
non-reel,893,4.955753598523906,HTTP,medium
non-reel,748,2.9732915734811787,HTTP,good
non-reel,373,1.824917336165671,TCP,good
reel,1841,17.22850526426543,UDP,good
non-reel,792,0.8579796721593898,HTTP,good
reel,1961,15.159667940765281,UDP,good
non-reel,359,3.7710482340613503,HTTP,good
non-reel,608,2.573692429686638,HTTP,medium
non-reel,608,4.5138224070777255,HTTP,medium
non-reel,486,1.283305428839967,TCP,medium
reel,2172,15.342916639910968,TCP,good
reel,1679,19.534034407286107,UDP,medium
non-reel,882,3.1930589672405882,TCP,medium
non-reel,380,2.77807978698847,TCP,good
non-reel,781,2.4675094575702032,HTTP,good
non-reel,798,1.8733650285226338,HTTP,good
non-reel,673,6.7325932325156765,TCP,poor
non-reel,394,1.7584278206966757,HTTP,poor
non-reel,337,0.018077455297661693,HTTP,poor
non-reel,948,2.3893544285010564,TCP,good
non-reel,619,0.4284085280988763,TCP,medium
reel,1582,20.030995272617595,TCP,medium
reel,1566,25.473381862166885,TCP,poor
reel,2317,15.926646575822396,UDP,good
reel,1833,18.510785914820527,TCP,medium
non-reel,364,1.191694784512915,TCP,medium
reel,2195,14.27556633252311,UDP,good
non-reel,202,3.6796757272452445,HTTP,medium
non-reel,755,2.5984074428468604,TCP,good
non-reel,705,3.378364453513325,TCP,medium
non-reel,375,3.3210140298678255,TCP,poor
reel,2055,16.30380250492163,UDP,good
non-reel,630,0.9051037129182962,TCP,good
reel,1592,19.843661703337236,TCP,medium
reel,1528,19.560877866533144,TCP,medium
non-reel,544,3.3913238138317596,TCP,good
reel,1575,19.312437355820144,TCP,medium
non-reel,902,1.4850956686577277,TCP,good
non-reel,328,2.9743039653551384,TCP,good
reel,2359,14.8201751115123,TCP,good
reel,1952,16.98995706889551,UDP,good
reel,1845,16.31762190031457,TCP,good
non-reel,311,1.7685114669187996,HTTP,poor
non-reel,301,3.372110544761049,TCP,medium
reel,1293,20.79266833319635,UDP,medium
reel,1863,18.215051092513995,UDP,medium
non-reel,479,4.696393853861598,HTTP,medium
non-reel,342,3.0978298305397542,HTTP,medium
non-reel,158,7.066005855462059,HTTP,poor
reel,1287,24.87652095844835,TCP,poor
reel,1749,16.481255792241534,TCP,good
non-reel,859,4.298162549113428,HTTP,good
non-reel,220,2.6874799108014042,TCP,good
reel,1208,23.553490775729426,UDP,poor
non-reel,423,2.6884255768595686,HTTP,good
non-reel,605,4.09568751850124,TCP,medium
non-reel,650,2.2859704668448857,TCP,good
reel,1971,15.077222363292828,UDP,good
non-reel,475,2.774678679638244,HTTP,medium
reel,2079,16.574357645705273,TCP,good
non-reel,440,2.486356407992669,HTTP,good
non-reel,606,3.414233865868112,HTTP,medium
reel,1735,15.247285030955053,UDP,good
reel,1808,20.560376795154866,UDP,medium
non-reel,408,3.386374907056573,HTTP,medium
non-reel,825,2.8885154813089855,HTTP,good
non-reel,265,3.0305219658233393,HTTP,medium
non-reel,419,3.6137185065396276,HTTP,medium
non-reel,345,2.917747104715545,TCP,medium
non-reel,698,2.8557803731101368,TCP,medium
non-reel,317,3.2923776858092832,HTTP,good
reel,1876,18.89772816448732,TCP,medium
non-reel,512,3.5809767168369078,HTTP,poor
non-reel,623,1.6139402451193188,HTTP,medium
non-reel,282,3.0374988525905473,TCP,poor
non-reel,695,1.25586018903691,TCP,good
reel,2050,18.26139644319526,TCP,medium
non-reel,461,1.8303593947482213,TCP,good
non-reel,560,4.905035587825175,HTTP,medium
reel,1647,20.310404229907938,TCP,medium
reel,1779,16.324049385907085,TCP,good
non-reel,435,2.8050287838581203,TCP,good
reel,1804,20.386397762647565,TCP,medium
non-reel,500,0.9243360705294874,HTTP,medium
non-reel,109,1.2606519631266206,HTTP,good
non-reel,616,2.9411472550977433,TCP,medium
non-reel,356,1.4285519951235068,HTTP,poor
reel,1883,17.901816774182958,UDP,medium
reel,1271,22.734862973895805,UDP,poor
non-reel,1061,3.1229811261324523,TCP,good
non-reel,410,3.4517732137235306,HTTP,good
non-reel,573,3.5404720565350707,TCP,poor
non-reel,294,3.290029258301773,HTTP,medium
non-reel,548,3.6145536946190844,TCP,medium
non-reel,190,4.010729898146705,TCP,poor
non-reel,670,5.671393179752713,TCP,poor
reel,1395,17.769926153631975,UDP,poor
reel,1698,24.961606771393516,TCP,poor
reel,1980,16.541948175827056,TCP,good
reel,1675,16.597945640674766,TCP,good
non-reel,431,1.9153316121467026,HTTP,good
reel,1921,16.592992910345785,TCP,good
reel,1676,25.756478238407755,UDP,poor
non-reel,1145,3.463700696852653,TCP,good
non-reel,397,0.9391111045766012,HTTP,poor
non-reel,573,2.1688518112513604,HTTP,medium
reel,2250,16.333293068557158,UDP,good
non-reel,371,2.28318730450801,TCP,good
non-reel,536,3.1883907839548327,TCP,good
non-reel,733,2.971355967220376,TCP,good
reel,1470,24.621885619280338,UDP,poor
reel,1683,19.645453047133522,UDP,medium
reel,1804,16.177654163435914,UDP,good
non-reel,620,1.6237491578959053,HTTP,good
non-reel,742,3.030069685056923,HTTP,good
reel,1856,15.361399326354146,TCP,good
non-reel,434,8.401445927062088,TCP,poor
reel,2117,20.266142559896203,UDP,medium
non-reel,695,1.8107810316853326,TCP,good
reel,1818,19.3570762830399,TCP,medium
reel,1792,14.572677015871664,TCP,good
non-reel,489,2.5934126777080877,HTTP,good
non-reel,356,8.414485579768193,HTTP,poor
reel,1232,24.560454391447752,TCP,poor
non-reel,268,3.94281642503492,TCP,medium
non-reel,106,7.423327920590383,TCP,poor
non-reel,378,4.161093790897305,HTTP,poor
non-reel,676,4.11724591870106,TCP,medium
non-reel,723,2.288911357570623,HTTP,good
reel,1835,19.42425926118047,UDP,medium
non-reel,782,0.9812063437558283,HTTP,good
non-reel,338,2.2638762106454053,TCP,medium
non-reel,283,2.6767775194665986,HTTP,poor
reel,1652,19.748157899515256,UDP,medium
reel,1821,14.884716390167583,UDP,good
reel,2049,16.156172589288307,TCP,good
non-reel,467,0.9003609058064914,TCP,good
reel,1922,18.801181970650962,TCP,medium
non-reel,424,1.8000571080978687,TCP,good
non-reel,532,8.522533031182803,TCP,poor
non-reel,755,1.4529573166230918,TCP,poor
non-reel,356,2.3412920783528053,TCP,good
reel,1289,26.673638470839613,UDP,poor
non-reel,266,1.5871576434069783,TCP,poor
non-reel,207,5.031368416154195,TCP,poor
non-reel,652,2.3801909627930655,TCP,good
non-reel,700,1.5777734053699688,HTTP,good
reel,1853,15.226779491810467,TCP,good
reel,1897,16.750522478683912,UDP,good
reel,2048,15.39644483260554,UDP,good
reel,2062,16.753572465500266,TCP,good
non-reel,377,2.5267089252356945,TCP,good
reel,1860,21.434839180387833,UDP,poor
reel,1953,15.925051479723516,TCP,good
non-reel,617,4.614536800226496,TCP,good
reel,1574,19.26334523251813,UDP,medium
non-reel,458,2.2124534551041077,HTTP,medium
non-reel,419,2.827779885509561,HTTP,good
non-reel,835,2.6117554385675734,HTTP,medium
non-reel,50,0.43538662883336254,HTTP,poor
non-reel,383,4.860164357261496,TCP,poor
non-reel,552,0.7576933435965891,TCP,poor
non-reel,280,3.736734611731866,HTTP,good
non-reel,692,3.616299142704651,TCP,good
reel,2263,16.675240403122324,UDP,good
non-reel,659,2.52245196422244,HTTP,good
reel,1400,21.386887591417583,UDP,poor
non-reel,593,2.787433567609801,TCP,good
reel,1343,21.713445516112834,UDP,poor
non-reel,536,6.962176776426027,HTTP,poor
reel,1227,19.870045291903732,UDP,poor
non-reel,665,3.951719773105692,TCP,good
non-reel,352,3.425970393918248,HTTP,poor
non-reel,393,2.307825095172737,HTTP,medium
non-reel,368,1.3534247446247745,HTTP,good
reel,2134,16.567930596573053,UDP,good
reel,1881,16.423871352093006,TCP,good
reel,2215,16.739115434968273,TCP,good
non-reel,594,2.392007365602811,HTTP,good
non-reel,599,1.9157179935540136,TCP,good
non-reel,380,2.6031646538942694,HTTP,good
non-reel,309,1.783175066889287,TCP,medium
non-reel,619,2.831096857730511,HTTP,medium
non-reel,400,1.2326523052243443,TCP,poor
non-reel,611,3.7798565966833104,HTTP,good
reel,1830,19.664322117233876,UDP,medium
reel,2104,15.5952314047741,UDP,good
reel,1628,18.68154685690683,TCP,medium
non-reel,998,6.911349919383887,HTTP,poor
reel,2027,22.09457043985231,UDP,poor
reel,2088,15.860688891548508,TCP,good
non-reel,312,3.0641719020928684,TCP,good
reel,1821,15.232090930785319,UDP,good
non-reel,716,3.7633590541853597,TCP,good
reel,1884,16.258467880379467,TCP,good
non-reel,583,4.080017596074477,HTTP,good
reel,1600,16.006783987480244,TCP,good
non-reel,687,5.287361447950662,TCP,good
reel,1941,19.606132597097567,UDP,medium
non-reel,357,2.6872480637961003,HTTP,good
non-reel,531,1.1699704300945224,TCP,good
non-reel,438,3.260543473646021,TCP,medium
reel,1503,14.614460885242034,UDP,good
non-reel,414,2.7115793838974667,HTTP,medium
non-reel,486,2.1706400343431955,HTTP,good
reel,1421,20.093680486915837,TCP,medium
non-reel,425,2.1909271272904576,HTTP,good
reel,2049,15.7199045136626,TCP,good
non-reel,668,1.7131640872768408,HTTP,good
non-reel,484,2.649186925489449,TCP,poor
non-reel,304,2.073681785271069,HTTP,poor
non-reel,255,9.191923784151435,HTTP,poor
non-reel,629,1.6427852708477284,HTTP,good
reel,1321,20.548739711626723,UDP,poor
reel,1607,22.129265223455505,TCP,poor
non-reel,832,3.5881105284147248,HTTP,good
reel,1905,14.060236189766652,TCP,good
non-reel,183,4.392366519342026,TCP,medium
non-reel,636,1.569686401892854,TCP,good
non-reel,466,1.5060188790789908,HTTP,good
reel,2164,14.670292178219919,TCP,good
reel,1540,25.34152581229015,TCP,poor
non-reel,389,1.803872153755417,TCP,good
non-reel,629,4.224957071310184,HTTP,poor
non-reel,788,3.0127047720655677,HTTP,medium
non-reel,677,0.08411225804716338,TCP,good
reel,1522,23.726697034016127,UDP,poor
reel,1895,16.379855283411175,TCP,good
reel,1528,17.912451722613014,UDP,medium
reel,1950,17.85694131417581,TCP,medium
reel,2048,15.906638918048678,TCP,good
non-reel,581,4.05934559918815,TCP,good
non-reel,586,3.930589699333724,HTTP,good
non-reel,750,4.210529751936602,HTTP,good
reel,1356,21.38303049715536,TCP,poor
non-reel,500,3.0540151738757473,HTTP,good
reel,1939,15.460801108305771,UDP,good
non-reel,567,3.1916360147084495,HTTP,good
reel,1602,19.107662726899836,TCP,medium
reel,1417,18.4378192133135,UDP,poor
reel,1901,16.568733547550707,UDP,good
non-reel,329,2.4835801370039547,HTTP,poor
non-reel,997,4.847615911956728,TCP,good
non-reel,601,5.206124922130618,TCP,good
reel,2341,15.348638466484537,UDP,good
non-reel,219,3.6008717305330653,HTTP,poor
non-reel,570,3.989368526460126,TCP,poor
non-reel,602,2.867922688650507,HTTP,good
non-reel,758,5.525202556042576,HTTP,poor
non-reel,326,1.2110096682013705,TCP,poor
non-reel,958,1.469554019209814,HTTP,good
non-reel,482,3.3408610590325645,HTTP,good
reel,1701,19.650025859047265,TCP,medium
reel,1768,15.340160627394667,TCP,good
reel,1993,14.676077391600439,TCP,good
non-reel,558,2.8638469368228927,HTTP,good
reel,1778,15.58091489632955,TCP,good
non-reel,140,3.9843517231553522,HTTP,medium
reel,1879,20.265590620561568,UDP,medium
non-reel,699,3.201654432170405,HTTP,good
non-reel,370,3.320101182887006,HTTP,medium
non-reel,578,2.788878406078954,HTTP,good
non-reel,454,3.382597762545198,TCP,good
non-reel,572,1.770034794609264,HTTP,good
non-reel,650,0.9087836177882005,TCP,good
reel,2070,16.5951892641246,TCP,good
reel,1299,24.8200013745744,UDP,poor
non-reel,558,2.798112282369597,HTTP,good
non-reel,613,2.8673634296285275,HTTP,medium
non-reel,468,0.2489234513088201,HTTP,good
non-reel,488,5.393592551828969,TCP,good
reel,1716,21.94215521168227,UDP,medium
reel,1498,22.4693461121544,TCP,poor
non-reel,335,6.2500534659237275,HTTP,poor
reel,2159,16.088922126556916,TCP,good
non-reel,585,2.753388613193349,HTTP,good
reel,1265,25.029877218269966,UDP,poor
reel,1418,27.220508519387558,UDP,poor
non-reel,128,1.742851565597069,HTTP,poor
non-reel,142,3.7153536572056978,TCP,medium
non-reel,487,5.872985005252397,TCP,poor
reel,1044,16.353849839382573,TCP,poor
reel,1839,17.468340471621623,UDP,good
non-reel,709,3.657419413731352,HTTP,medium
non-reel,576,2.4177827356865125,HTTP,medium
non-reel,340,3.047880106884196,HTTP,medium
reel,1697,19.712467821149097,TCP,medium
reel,1413,18.915680791597282,TCP,medium
non-reel,192,5.326230710122315,HTTP,poor
non-reel,476,0.9491238744709043,TCP,medium
reel,1517,24.635725730043855,TCP,poor
non-reel,593,3.610507879708843,HTTP,good
non-reel,583,3.2513543351902525,TCP,good
non-reel,289,4.403601447423424,TCP,poor
non-reel,524,2.219482964959539,HTTP,medium
non-reel,759,2.570357907534637,TCP,good
reel,1920,18.013697153954045,UDP,medium
non-reel,488,4.111821274088666,TCP,poor
non-reel,624,2.3255853886604823,TCP,good
non-reel,671,2.9994418641388076,TCP,good
non-reel,615,4.38884249997823,TCP,medium
non-reel,503,3.350541999109544,TCP,good
non-reel,436,2.168464116071342,TCP,medium
reel,1567,18.232501987355782,TCP,medium
non-reel,384,2.134271502194909,HTTP,medium
non-reel,976,1.6295504532596548,TCP,good
reel,2156,14.961465818149977,TCP,good
non-reel,373,4.991515249965898,TCP,medium
reel,2008,17.29962918287395,TCP,good
non-reel,661,1.9079273915583848,HTTP,good
reel,1982,16.04965936993611,UDP,good
non-reel,317,5.478005442783838,TCP,medium
non-reel,889,0.721305272214247,TCP,good
non-reel,182,4.937259378033515,HTTP,poor
reel,1573,30.009815272421154,UDP,poor
reel,1410,24.446469698791187,TCP,poor
non-reel,347,2.4486583323311497,HTTP,medium
reel,1967,17.269867927874298,UDP,good
non-reel,139,5.260747651957939,TCP,medium
non-reel,654,2.3170842218953727,HTTP,good
reel,2145,17.19345552802974,TCP,good
reel,1593,18.24066832240068,UDP,medium
reel,1759,19.463966564629736,UDP,medium
reel,900,25.917100694488596,UDP,poor
reel,1893,15.548348751382031,UDP,good
reel,1432,18.670269409677946,TCP,medium
reel,1585,25.898752451213277,UDP,poor
non-reel,638,3.3749960573619533,TCP,good
non-reel,590,1.4506308678298765,TCP,good
reel,1662,18.592648194008987,TCP,medium
reel,1351,25.25441337449026,TCP,poor
reel,2157,14.458220294542157,TCP,good
non-reel,211,0.6744169687077286,HTTP,poor
non-reel,786,2.825974887869294,TCP,good
non-reel,559,6.165432822914958,HTTP,poor
reel,2206,16.273738927240004,TCP,good
non-reel,530,2.4240599387773454,HTTP,good
non-reel,636,8.7974343484574,TCP,poor
non-reel,710,3.202187170730136,TCP,medium
non-reel,689,1.972038077230298,HTTP,good
non-reel,824,0.4287356506459741,HTTP,good
reel,1611,19.726165268370693,TCP,medium
non-reel,585,2.0497168751475225,HTTP,good
reel,2269,15.651246455974443,UDP,good
reel,2403,15.894381283770405,UDP,good
non-reel,180,2.1382652277348044,TCP,medium
non-reel,697,3.4731356690084376,TCP,medium
reel,1148,23.58335590368451,TCP,poor
non-reel,462,11.706419038332331,TCP,poor
reel,1582,18.54375299703296,TCP,medium
non-reel,551,3.279561959947213,TCP,medium
non-reel,540,1.8922848966572745,HTTP,good
reel,1478,26.189440834552194,TCP,poor
non-reel,729,1.6128124504112846,HTTP,good
non-reel,350,3.981981741053382,HTTP,poor
non-reel,733,2.5734163258924805,TCP,good
non-reel,452,3.4160261634757396,TCP,medium
reel,1836,17.3207999647871,TCP,medium
non-reel,835,3.0754588455781793,TCP,good
non-reel,633,2.602062414362837,HTTP,good
non-reel,556,4.184303716552394,TCP,medium
non-reel,149,2.205156953326194,HTTP,medium
reel,1545,19.07409694904895,UDP,medium
non-reel,475,1.5396535997173582,TCP,good
reel,1369,21.46826020275811,UDP,poor
reel,1719,16.6283417156059,UDP,good
reel,1139,25.61164346358375,TCP,poor
reel,1684,19.059629005128325,TCP,medium
non-reel,641,2.6416416728308123,TCP,good
reel,2197,16.31196861269553,UDP,good
non-reel,706,6.057255542982281,TCP,poor
non-reel,615,3.5842857679634834,TCP,medium
reel,1326,29.36577795578713,UDP,poor
reel,2138,15.975368956749922,TCP,good
reel,1540,20.690289798570433,TCP,medium
non-reel,552,2.6789228521496136,HTTP,medium
reel,2057,19.760806026384643,TCP,medium
reel,2294,16.270785683004966,TCP,good
reel,1939,16.76666871144074,UDP,good
non-reel,794,2.5333484123244068,HTTP,good
reel,1322,29.281716959496364,UDP,poor
non-reel,296,2.350757138271238,HTTP,poor
reel,1678,16.860236139584213,UDP,good
non-reel,617,3.6981684344918624,HTTP,medium
reel,2061,16.76821324472089,TCP,good
non-reel,706,4.7517958835387635,HTTP,medium
reel,2161,17.32607008860679,TCP,good
non-reel,450,1.5950999809171187,TCP,medium
non-reel,772,3.6251363695691357,HTTP,good
reel,2376,15.558930741265137,UDP,good
non-reel,880,4.410672532474868,HTTP,poor
reel,1554,25.344333305884835,UDP,poor
non-reel,567,2.1549094442652423,HTTP,medium
non-reel,677,1.129570110413451,TCP,good
reel,1416,24.466501117012978,UDP,poor
non-reel,394,3.144509897002984,TCP,medium
reel,2015,18.624039039216438,TCP,medium
non-reel,752,1.587199699236446,TCP,good
non-reel,449,3.7679606343189116,HTTP,poor
non-reel,897,2.1996603545310363,HTTP,good
non-reel,677,2.9429881077498456,HTTP,medium
non-reel,258,4.848032254870556,HTTP,medium
non-reel,757,3.583376532800976,HTTP,medium
reel,1918,17.338185433791594,UDP,good
reel,1436,18.578362508370894,TCP,medium
non-reel,477,8.563976191950003,TCP,poor
non-reel,447,2.978528890376299,TCP,medium
non-reel,451,2.63288011394484,HTTP,good
non-reel,916,2.561526905291505,HTTP,good
non-reel,611,2.8673167700415636,TCP,good
non-reel,589,0.9523667728139733,TCP,good
reel,1949,16.001386301195758,UDP,good
non-reel,431,3.6810428730608273,HTTP,medium
non-reel,637,3.9284017122301567,TCP,good
non-reel,535,2.9523405010209105,TCP,good
non-reel,1067,1.7536771285367183,TCP,poor
non-reel,209,0.3853430179640194,HTTP,poor
reel,1723,19.531793637376182,TCP,medium
non-reel,325,1.6725889882367353,HTTP,poor
non-reel,459,2.3635252838934573,TCP,good
reel,1266,25.603969347983096,UDP,poor
reel,2005,16.10458039099243,UDP,good
reel,1886,18.93929753974941,UDP,medium
reel,1638,18.313698595696884,TCP,poor
non-reel,559,3.611135968104169,HTTP,poor
non-reel,515,3.558772189826837,HTTP,good
reel,1784,23.263015659169653,UDP,poor
reel,2355,15.585353043842755,TCP,good
reel,1752,25.21319341705008,TCP,poor
non-reel,415,3.7034277723282805,TCP,medium
reel,1524,26.666467010870747,UDP,poor
non-reel,742,1.629130181645292,TCP,good
non-reel,626,2.514144861522865,HTTP,medium
non-reel,623,3.3027423924351695,HTTP,medium
non-reel,709,3.4995427311314717,HTTP,good
reel,1939,17.40671527100264,UDP,good
non-reel,841,1.8950816921407423,TCP,good
reel,2275,16.89417349243027,TCP,good
non-reel,727,3.8268656283820297,HTTP,good
reel,1711,19.486593064887778,TCP,medium
non-reel,591,2.7823858965757324,HTTP,medium
non-reel,849,1.5268664845450899,TCP,good
non-reel,484,4.079812790727792,HTTP,medium
non-reel,649,2.992971955293332,HTTP,medium
non-reel,362,4.458100822348017,HTTP,medium
non-reel,585,4.789076683811489,TCP,medium
reel,1745,14.66743569265999,TCP,good
non-reel,192,2.3463699337056396,TCP,poor
non-reel,1017,2.397019646209119,HTTP,good
non-reel,446,0.6107749968609664,HTTP,poor
non-reel,640,1.2998091187307974,HTTP,poor
non-reel,64,4.01798682898162,HTTP,good
non-reel,552,1.8822043010922198,HTTP,good
non-reel,474,3.2628581282256843,TCP,medium
reel,1888,14.099572784017186,UDP,good
non-reel,447,1.75190377585049,HTTP,poor
non-reel,426,1.7062658880795332,TCP,good
non-reel,851,1.6907292559633036,HTTP,good
reel,1531,23.616404406268604,UDP,poor
non-reel,191,3.3436370240086437,HTTP,poor
reel,1796,17.721166058572464,TCP,medium
non-reel,482,2.271286280798982,TCP,poor
non-reel,922,3.2949472531081048,HTTP,good
non-reel,631,0.4733594575728377,HTTP,poor
non-reel,376,4.58651464184385,TCP,good
non-reel,444,3.8166529954391857,HTTP,good
reel,2198,15.533586124399397,UDP,good
non-reel,155,2.661936537557157,HTTP,poor
reel,2119,13.845083827673555,UDP,good
reel,1564,18.449628991833976,UDP,medium
non-reel,611,2.2719635093607016,TCP,medium
reel,1807,18.25106117560168,TCP,medium
non-reel,674,4.253800921170158,HTTP,good
non-reel,270,6.67560921198287,HTTP,poor
non-reel,426,6.491399162678817,TCP,poor
reel,1944,18.49369529884604,UDP,medium
non-reel,383,6.2861817512601235,HTTP,poor
non-reel,689,2.498567961224199,TCP,good
reel,2029,19.313288534863396,TCP,medium
non-reel,981,2.96810072513016,TCP,good
non-reel,820,5.847782117518827,HTTP,medium
non-reel,628,1.0597913084919,TCP,good
non-reel,440,3.240745294189564,HTTP,poor
non-reel,564,0.6946811561780737,TCP,good
non-reel,497,3.108022031838889,TCP,good
reel,1967,16.218203552474336,UDP,good
non-reel,317,4.675470425840414,TCP,good
reel,2115,16.577049492689206,UDP,good
non-reel,363,0.6695416784603996,TCP,poor
reel,2226,14.753242562446598,TCP,good
reel,1910,20.986062882737176,TCP,medium
reel,1978,16.89341748697805,TCP,medium
reel,1844,16.99213426113359,UDP,good
non-reel,554,1.5843671439527185,TCP,good
non-reel,453,2.2561027218399037,HTTP,good
non-reel,288,2.5348120672112895,TCP,good
non-reel,375,1.7932909862439144,TCP,medium
non-reel,351,2.217721391428293,HTTP,medium
non-reel,826,2.4174414908654693,HTTP,good
non-reel,-37,4.7293380111125565,HTTP,medium
non-reel,702,3.158276151629935,HTTP,good
non-reel,369,1.3706895954587637,HTTP,poor
reel,1308,23.94734919293901,TCP,poor
reel,1638,18.39943936280266,TCP,medium
reel,2093,16.16103853300219,UDP,good
non-reel,580,1.4639707317779451,TCP,good
reel,2475,15.659558675790418,TCP,good
non-reel,459,9.076697941541827,HTTP,poor
non-reel,325,0.0136099788493107,HTTP,poor
reel,1894,16.786215852174774,UDP,good
non-reel,466,2.7211199250694755,HTTP,medium
non-reel,738,5.8303681471620585,TCP,poor
reel,1508,23.604129635843773,UDP,poor
non-reel,785,2.9597113951098706,HTTP,medium
non-reel,257,3.0336781158729393,HTTP,medium
reel,1902,17.40686786170489,TCP,good
non-reel,433,6.916007521409378,TCP,poor
non-reel,379,4.38328695099508,HTTP,poor
reel,1840,20.64639380159227,UDP,medium
reel,1610,27.576881849119513,UDP,poor
non-reel,346,7.108654705536786,HTTP,poor
reel,825,27.69336924159148,TCP,poor
non-reel,415,1.1768281825010711,TCP,good
reel,1459,20.915187299142577,UDP,medium
non-reel,536,0.2292805390831285,HTTP,poor
non-reel,918,2.8864772922239794,TCP,medium
non-reel,668,3.204551646159507,HTTP,good
non-reel,783,2.510985809682129,HTTP,poor
reel,2067,16.076646455574426,UDP,good
non-reel,824,3.563673806578974,TCP,good
non-reel,484,4.44120772132365,HTTP,poor
non-reel,571,6.152552739360744,TCP,poor
non-reel,234,2.1955476194399655,HTTP,poor
reel,1937,14.45569123743073,TCP,good
non-reel,901,2.6098072694618395,TCP,good
non-reel,785,1.3048093121141229,HTTP,good
reel,1728,15.710887740055398,UDP,good
reel,1915,18.33549133121583,TCP,medium
non-reel,756,3.227022466776323,HTTP,medium
non-reel,544,1.6759986526255082,HTTP,good
reel,2066,15.569554037508961,UDP,good
non-reel,395,5.281412929259852,TCP,medium
reel,1761,19.191794281355822,UDP,medium
reel,1731,19.008630425828777,UDP,medium
reel,1622,20.460515678061313,TCP,medium
non-reel,591,2.9988945090574233,HTTP,good
non-reel,401,4.410003857206651,HTTP,medium
non-reel,737,2.915301055143351,TCP,good
reel,1571,19.591957736177328,UDP,medium
non-reel,490,3.082810487269061,TCP,poor
reel,2056,17.435403706350495,TCP,good
non-reel,352,3.334722118914231,TCP,medium
reel,1920,16.018763656168076,UDP,good
reel,1762,21.300733045862728,TCP,medium
reel,1974,17.125210233107783,TCP,medium
non-reel,471,1.8735399858620672,HTTP,good
non-reel,395,6.315246965274033,TCP,poor
non-reel,472,2.185660689608021,TCP,medium
non-reel,249,1.8071028686241446,TCP,good
reel,1670,19.815313586393,TCP,medium
reel,2150,16.069800960032392,TCP,good
non-reel,666,3.7141954769659464,HTTP,medium
non-reel,503,1.8789533577787902,HTTP,good
reel,1807,19.206630724848814,UDP,medium
non-reel,550,1.999402530564253,HTTP,good
non-reel,581,2.0072227126250017,TCP,medium
non-reel,697,2.013179189982014,HTTP,medium
reel,1567,19.959064298348082,UDP,medium
reel,1795,16.887398032580304,TCP,medium
reel,1072,23.030479421122177,TCP,poor
non-reel,615,0.528264665823134,HTTP,poor
non-reel,200,3.309866328384898,TCP,medium
non-reel,587,2.1895652080469215,HTTP,good
non-reel,562,3.135883049507096,HTTP,good
reel,1572,25.282169268657306,UDP,poor
non-reel,867,1.1870793112251667,HTTP,medium
reel,1962,16.520387172040135,TCP,good
non-reel,511,2.6085541061500828,TCP,medium
non-reel,208,3.787066907943078,HTTP,poor
non-reel,713,2.213672435393611,TCP,good
reel,1599,25.468002487135845,TCP,poor
non-reel,655,10.576973355999737,TCP,poor
non-reel,400,2.389458034332807,TCP,good
non-reel,425,4.754777080654607,HTTP,good
non-reel,780,1.8880356716389015,HTTP,good
reel,1587,23.007026254436358,UDP,poor
non-reel,190,3.7419635791314088,TCP,good
non-reel,436,2.6621098641586975,HTTP,good
non-reel,71,3.710566435814617,HTTP,medium
non-reel,561,2.8670042215185565,TCP,good
non-reel,448,8.75019027233853,HTTP,poor
non-reel,669,1.1367349868176386,HTTP,good
non-reel,600,2.0178672866200076,HTTP,medium
non-reel,641,3.408619769105855,TCP,medium
non-reel,579,5.277052993144052,HTTP,good
reel,1697,15.385432219394648,UDP,good
non-reel,642,3.054050439136785,HTTP,good
reel,1850,21.069021580239564,TCP,medium
reel,1417,20.190264018390817,TCP,medium
non-reel,406,4.801561114781029,TCP,good
reel,1940,17.60685248385147,UDP,medium
non-reel,926,1.3937158814447237,TCP,good
reel,1606,17.204615234971094,TCP,medium
reel,1439,18.679538112507135,TCP,medium
reel,1880,16.272640839720566,UDP,good
non-reel,344,2.158554901353177,TCP,medium
non-reel,418,3.3006887284009307,TCP,medium
reel,1564,24.888414331622602,TCP,poor
reel,1615,15.292561059360297,TCP,good
non-reel,191,3.0006523376944596,HTTP,good
reel,1788,22.111194600513272,UDP,poor
non-reel,349,2.17934421197272,HTTP,medium
non-reel,746,4.093992810348867,HTTP,medium
non-reel,230,4.410474745111902,TCP,good
reel,1871,20.132785078185766,UDP,medium
non-reel,137,2.155477152811757,TCP,poor
reel,1802,16.55452976606107,UDP,good
reel,1120,26.917637910369205,UDP,poor
non-reel,528,5.342528420054984,TCP,poor
reel,1791,15.80506944338688,TCP,good
non-reel,400,0.14768063140633236,TCP,good
non-reel,734,3.2174936112027126,HTTP,good
reel,2013,19.22327153299892,TCP,medium
non-reel,685,2.5978933837311593,HTTP,good
non-reel,472,1.9098032801955787,HTTP,poor
non-reel,755,0.34915492295879025,TCP,good
reel,1733,23.576918991347135,UDP,poor
reel,1950,17.13590104287408,TCP,good
non-reel,404,3.216332287869702,HTTP,good
reel,1768,22.276484541152858,TCP,poor
non-reel,792,3.0502101739532144,HTTP,medium
non-reel,357,2.126444503314044,TCP,good
reel,1862,17.18602171369271,UDP,medium
non-reel,591,3.168239442847894,HTTP,medium
reel,1985,17.483463407948314,UDP,good
non-reel,369,4.406119259817256,TCP,good
reel,1717,15.782632773263094,TCP,good
non-reel,490,3.084377686212509,TCP,good
reel,1985,14.162153232468507,TCP,good
non-reel,838,1.8016952623225821,HTTP,medium
non-reel,140,4.957965574072857,TCP,poor
non-reel,803,2.984106124212797,HTTP,good
non-reel,642,0.9661564791424264,TCP,good
non-reel,763,1.6258288475562663,TCP,good
non-reel,914,2.2036761725990544,HTTP,medium
non-reel,511,3.2431401584889814,HTTP,good
non-reel,447,2.972873770756515,TCP,poor
reel,1063,24.125365233880604,TCP,poor
reel,1266,27.29772489485633,UDP,poor
reel,2012,19.73462305487356,TCP,medium
non-reel,1004,1.489911442351788,TCP,good
non-reel,543,3.067229881805065,TCP,medium
non-reel,589,1.4238231202199434,HTTP,good
non-reel,512,4.1281634760068675,TCP,poor
non-reel,659,3.675138892211603,TCP,good
non-reel,870,6.352346668288614,HTTP,poor
reel,1197,26.09718147035929,UDP,poor
reel,1063,25.423522258490053,UDP,poor
non-reel,451,3.4590749747433254,HTTP,good
reel,1724,16.2822337239094,UDP,good
reel,2022,16.759553930339194,TCP,good
non-reel,431,4.214174710852439,HTTP,poor
non-reel,301,3.0320753156730507,HTTP,good
reel,1393,24.764909854954254,UDP,poor
non-reel,541,3.4927107879982655,HTTP,good
non-reel,557,4.069916741763099,HTTP,medium
non-reel,291,2.1561606292441486,HTTP,poor
reel,1619,18.166690361119286,TCP,medium
reel,1942,15.812905278772794,TCP,good
reel,2265,17.896015714379057,TCP,good
non-reel,372,3.180776423716443,TCP,good
reel,1583,16.88425271213496,TCP,medium
non-reel,612,3.2336715364161175,TCP,good
reel,1985,15.053719171242106,UDP,good
reel,1931,19.29817191742992,TCP,medium
reel,1639,17.674939399338122,UDP,medium
reel,1469,16.964606878705474,UDP,poor
reel,2006,17.700549852123636,UDP,good
non-reel,339,4.004269989165821,TCP,medium
reel,1338,28.69673035911457,TCP,poor
reel,1694,19.815284978029396,UDP,medium
reel,1840,14.535432466059232,UDP,good
reel,2519,18.082492618352596,TCP,good
non-reel,644,0.30156221652552384,HTTP,good
non-reel,719,2.8713028152138835,TCP,medium
reel,2333,15.3461637023185,TCP,good
non-reel,1000,1.8061309921205981,TCP,good
non-reel,59,3.1121858981705355,TCP,poor
non-reel,291,0.6505833438948869,TCP,poor
non-reel,139,2.543737281647628,TCP,poor
non-reel,321,8.006793967607564,TCP,poor
reel,1628,18.25358069949734,TCP,medium
reel,1105,25.473935406079036,TCP,poor
non-reel,732,3.5367851363195912,HTTP,medium
reel,1954,20.138207598094702,TCP,medium
non-reel,458,1.9187134573071005,HTTP,good
non-reel,646,4.195756017216682,HTTP,medium
non-reel,770,1.3670260364905134,TCP,good
non-reel,732,3.1509635122691484,HTTP,good
non-reel,328,1.7882796424010352,TCP,good
non-reel,999,2.2289998750726143,TCP,medium
reel,2417,15.400787478028954,TCP,good
reel,1902,14.459824869291719,UDP,good
reel,1907,15.055739359417483,UDP,good
non-reel,333,2.8424261543919114,HTTP,good
reel,1522,26.04431676090214,UDP,poor
non-reel,509,2.875008249687847,TCP,medium
reel,2096,17.01572972135077,UDP,good
reel,1615,17.671856083227965,TCP,medium
non-reel,167,3.5516924832796235,HTTP,poor
reel,1207,26.194694810287892,UDP,poor
reel,1876,16.84253862436105,TCP,good
non-reel,629,2.5008030178118736,TCP,good
non-reel,464,5.242874656400628,HTTP,medium
reel,2155,16.21872734260702,TCP,good
non-reel,735,1.3576767096092661,HTTP,good
non-reel,786,2.7977226514477387,TCP,good
non-reel,479,0.7529669366898419,TCP,poor
reel,2371,17.024549508100794,TCP,good
non-reel,938,2.6779734702393143,HTTP,medium
reel,1601,18.78275712652431,UDP,medium
non-reel,298,3.2832834859572415,HTTP,medium
non-reel,753,2.3830728762283098,HTTP,good
reel,2117,13.97969338888883,UDP,good
non-reel,580,2.9730679945961356,TCP,poor
reel,1900,15.671297342140837,UDP,good
non-reel,215,4.400040194268191,HTTP,poor
non-reel,-32,8.001249156548294,HTTP,medium
reel,3364,13.481747031002936,HTTP,poor
non-reel,708,4.159578912587836,TCP,poor
reel,2362,25.703056243208895,TCP,poor
reel,2181,16.287730740919255,HTTP,poor
reel,1049,5.352296826165301,QUIC,good
reel,4406,7.9934271659915535,UDP,unstable
reel,2342,17.00357514795073,QUIC,medium
non-reel,546,1.0540949050653308,HTTP,good
non-reel,266,1.570507894223995,QUIC,medium
reel,2500,17.008865338043083,TCP,good
reel,3260,25.245804220769145,UDP,medium
reel,3153,5.855727140184076,TCP,medium
non-reel,732,3.664942078829957,UDP,unstable
non-reel,154,3.6919513674499402,UDP,unstable
reel,1336,9.860880887235144,HTTP,poor
reel,1880,33.06792057483397,RTSP,unstable
reel,1838,28.7646828552282,TCP,unstable
reel,3601,22.799758142332532,HTTP,poor
reel,1011,9.256971404080021,RTSP,unstable
reel,1082,22.65294568588004,TCP,unstable
non-reel,496,2.369791119671463,TCP,unstable
non-reel,258,3.250841875809249,HTTP,poor
non-reel,239,2.9739225282084245,QUIC,medium
reel,3333,6.847500044221461,RTSP,medium
reel,1766,17.142362433950062,HTTP,medium
non-reel,564,1.8757605391424828,QUIC,poor
non-reel,614,2.070998862862462,QUIC,poor
reel,1298,20.017892830323323,HTTP,unstable
reel,3071,18.35965413047923,UDP,poor
reel,1753,11.650713405198289,HTTP,good
non-reel,831,5.72958515691203,UDP,medium
reel,3790,3.8785047815008635,HTTP,unstable
non-reel,1004,-1.6971926025712252,RTSP,unstable
non-reel,322,0.4350147182847022,RTSP,unstable
reel,2592,19.003956518465362,QUIC,good
non-reel,656,5.442625201174572,HTTP,poor
non-reel,-61,3.583619227174155,RTSP,medium
reel,2359,-10.09653091959742,QUIC,poor
non-reel,-269,1.0630381536547402,RTSP,good
non-reel,-13,5.128847813245528,UDP,medium
non-reel,515,6.767151597444456,HTTP,medium
non-reel,414,6.171458059849208,RTSP,unstable
reel,2391,20.731304732423194,TCP,medium
non-reel,522,4.162986085785721,QUIC,good
reel,1405,15.480708883866004,TCP,unstable
reel,4251,11.368214490217607,TCP,medium
reel,3845,21.605487271481884,RTSP,unstable
reel,2171,19.917045675823484,TCP,unstable
reel,2017,4.192460119482897,RTSP,medium
non-reel,486,3.0086557786451693,HTTP,medium
non-reel,500,4.507732275188713,RTSP,medium
non-reel,516,5.3591083269151065,UDP,unstable
non-reel,515,8.210477305459204,HTTP,unstable
reel,3453,11.261467352675538,HTTP,poor
reel,2463,8.989436240263181,TCP,medium
reel,4015,21.9590289509547,RTSP,unstable
non-reel,283,6.586405975311536,QUIC,poor
non-reel,96,2.1923979699371836,HTTP,good
non-reel,291,1.7039323202692036,UDP,poor
reel,3101,1.2686674428125944,TCP,poor
non-reel,90,6.383421952030628,UDP,good
reel,1542,9.677589535922035,TCP,medium
reel,2405,19.546133262141304,QUIC,good
reel,1919,3.292362713569183,RTSP,medium
reel,2612,23.766617805503767,UDP,unstable
reel,1383,-1.3277710173711714,TCP,unstable
non-reel,177,4.490954743740064,UDP,medium
reel,3431,10.57000989496558,UDP,poor
reel,-20,15.35419595645381,UDP,good
non-reel,-195,5.415225623516879,TCP,poor
non-reel,1043,3.1076070934271747,QUIC,good
non-reel,11,3.029933276847609,UDP,medium
non-reel,614,3.793777997765104,UDP,good
non-reel,159,4.133386547172537,QUIC,medium
non-reel,1024,2.246068814405666,RTSP,unstable
non-reel,665,6.260762348651117,QUIC,unstable
reel,2548,16.961415195044495,UDP,medium
non-reel,729,5.3740270167434145,UDP,good
non-reel,-68,4.134351042069056,TCP,unstable
non-reel,365,6.050252834866008,QUIC,unstable
non-reel,765,2.810675702580503,HTTP,medium
reel,1877,11.325338379267487,QUIC,unstable
reel,2675,1.7818628062858348,TCP,poor
non-reel,672,2.218905457292018,HTTP,unstable
non-reel,183,2.398561176472832,UDP,unstable
non-reel,821,5.178794675890505,UDP,unstable
non-reel,481,-0.1909910111729305,RTSP,good
non-reel,435,4.347264184527137,QUIC,unstable
non-reel,539,4.956313217751568,HTTP,unstable
reel,1380,7.258519432374298,TCP,unstable
non-reel,1102,4.778759424009011,QUIC,unstable
reel,2321,12.902975731529127,TCP,poor
reel,2377,28.685631605411768,RTSP,medium
reel,3500,21.892198304264625,RTSP,medium
non-reel,625,6.422999861850475,RTSP,good
non-reel,110,3.4591321209642008,RTSP,unstable
non-reel,717,5.052311552146328,TCP,good
reel,2607,10.78621969707697,TCP,unstable
non-reel,342,0.9629956032275708,TCP,good
non-reel,269,4.675430906596373,TCP,poor
non-reel,1154,6.798455603496304,UDP,good
non-reel,431,5.386675602936705,TCP,unstable
non-reel,430,4.0723685536489675,HTTP,unstable
reel,2637,4.672956545747137,RTSP,good
reel,1334,3.721604205395593,HTTP,poor
non-reel,41,1.7557816490974298,HTTP,unstable
non-reel,288,2.0946580405343633,TCP,good
non-reel,631,6.296129160024293,HTTP,medium
non-reel,260,5.5531478148022915,TCP,good
reel,1431,21.063032056802985,QUIC,unstable
non-reel,730,5.445998447234182,QUIC,unstable
reel,2576,7.446179166899012,QUIC,unstable
reel,3019,17.776359946787583,UDP,unstable
reel,3139,19.79856852434152,TCP,medium
non-reel,252,1.9955209223947574,UDP,unstable
reel,1090,10.140000579872742,HTTP,poor
reel,4118,30.85598454643391,TCP,poor
reel,2360,17.491053158148553,QUIC,poor
non-reel,197,3.664885384480499,RTSP,poor
non-reel,509,3.025664183356382,TCP,poor
reel,2736,9.048191628572894,HTTP,medium
non-reel,429,3.4136001464943018,HTTP,poor
reel,2589,23.056405683547176,UDP,good
non-reel,196,5.689269733803445,UDP,poor
reel,2244,8.30814835833632,HTTP,poor
non-reel,529,7.379274422806887,TCP,medium
non-reel,387,3.20840928474474,UDP,poor
reel,3137,17.072385325616548,HTTP,medium
non-reel,440,4.617107702556942,UDP,poor
non-reel,-15,3.3566585986315403,UDP,good
non-reel,50,4.8301881515402485,QUIC,good
non-reel,3,0.9987657424890664,UDP,unstable
reel,2181,18.40821260732841,QUIC,poor
non-reel,344,2.0515286172266376,TCP,good
reel,2174,31.874691076218614,UDP,unstable
reel,3718,32.654572287615636,UDP,unstable
reel,3384,-0.3963317092511556,HTTP,poor
non-reel,626,5.091204780489834,RTSP,poor
reel,2985,25.2182504317496,RTSP,unstable
non-reel,110,2.8868641187045485,QUIC,medium
non-reel,858,4.200254766511665,HTTP,poor
reel,2423,15.107065631748364,QUIC,poor
reel,2350,17.197138119221812,HTTP,poor
non-reel,327,6.33371419102652,TCP,medium
non-reel,-69,4.17079440373265,QUIC,good
reel,1502,0.46864214334588894,HTTP,medium
non-reel,634,5.874546725921117,QUIC,unstable
non-reel,475,1.348575459041116,UDP,good
reel,1484,18.930261205312153,TCP,poor
reel,2217,10.549598575127499,HTTP,medium
non-reel,490,5.8635047746266675,QUIC,medium
non-reel,457,3.265794331401843,QUIC,good
non-reel,172,6.010444869812705,QUIC,medium
non-reel,971,7.921825582397098,TCP,poor
reel,1212,23.091498324115538,RTSP,poor
reel,1145,32.82397450167788,RTSP,good
non-reel,340,2.7985483616768483,TCP,poor
reel,1578,14.58281716400718,HTTP,good
non-reel,879,4.336550283891328,TCP,poor
non-reel,146,4.500507887072005,TCP,good
reel,3587,10.392408935911762,RTSP,good
non-reel,429,6.347042594645169,UDP,poor
non-reel,689,3.42931169703325,TCP,poor
reel,3033,10.566227343861607,UDP,poor
non-reel,4,2.377390403580395,UDP,good
non-reel,1002,0.2534447693127362,RTSP,medium
non-reel,30,8.588586094867571,RTSP,good
non-reel,662,4.851925790498425,RTSP,unstable
reel,2597,8.53384879262385,RTSP,poor
reel,3548,19.304418765990256,HTTP,medium
non-reel,429,6.603545902709374,RTSP,good
non-reel,306,3.483993606772305,UDP,good
reel,1645,29.07165097066543,TCP,medium
non-reel,467,6.234369728860035,QUIC,poor
reel,3074,18.19338174113532,QUIC,poor
reel,3032,13.345296017323657,RTSP,poor
non-reel,228,5.83563338928947,QUIC,medium
non-reel,561,1.203615216152591,TCP,poor
reel,2635,11.52966798787828,RTSP,good
non-reel,753,2.865198384930718,TCP,poor
reel,2939,27.654734514023062,TCP,unstable
non-reel,374,7.120956985039397,TCP,poor
non-reel,141,0.7352434452372485,HTTP,poor
reel,3412,17.022522661683787,QUIC,good
reel,3713,12.542631292299353,UDP,medium
non-reel,423,4.810203156792272,HTTP,poor
non-reel,622,4.564555752657878,HTTP,unstable
non-reel,162,4.676446080021273,QUIC,good
non-reel,478,3.6185214649971176,TCP,medium
non-reel,373,4.782275514077042,HTTP,poor
non-reel,109,5.586120026068528,RTSP,unstable
non-reel,366,5.345447397495641,QUIC,unstable
reel,2646,10.170842948214801,UDP,unstable
reel,1601,29.51973247732997,QUIC,good
reel,2593,10.015772342735852,UDP,unstable
non-reel,655,4.304844548894923,HTTP,medium
reel,2890,17.423669381362338,TCP,unstable
non-reel,481,3.900244085951846,HTTP,medium
reel,1392,8.360429495068745,UDP,medium
non-reel,89,5.467563695390743,HTTP,poor
non-reel,102,2.397301000680594,TCP,unstable
non-reel,720,5.237444302563082,TCP,unstable
reel,2090,15.5141825495548,UDP,unstable
non-reel,469,4.617038048906946,RTSP,poor
non-reel,-130,1.0027572255972972,QUIC,unstable
non-reel,493,3.144017915093521,HTTP,poor
non-reel,387,5.324968356509306,HTTP,good
non-reel,939,5.785638146845887,UDP,unstable
non-reel,267,2.665079206467343,QUIC,good
reel,2163,10.056957777135525,QUIC,good
non-reel,462,5.641886015649453,TCP,medium
reel,918,1.1686108070681236,RTSP,medium
non-reel,633,5.513088901856254,TCP,medium
non-reel,432,3.705504989415737,UDP,medium
reel,1797,27.161348291893955,UDP,unstable
reel,3694,4.329658321847271,UDP,poor
reel,3360,17.095514728497726,UDP,unstable
reel,2111,17.87239712900986,HTTP,unstable
reel,2753,5.18866998725694,UDP,poor
reel,2795,24.54820105027644,RTSP,medium
non-reel,410,1.0736470104426359,QUIC,medium
non-reel,276,1.7836930478915702,UDP,medium
reel,1937,9.250393965774377,RTSP,poor
non-reel,548,7.413098891666879,QUIC,poor
non-reel,146,6.41199060340193,TCP,poor
reel,2161,7.209293848385266,TCP,unstable
reel,2190,12.644108736521448,UDP,good
reel,4269,-1.002656454616785,TCP,good
non-reel,369,2.4100253114593384,HTTP,poor
non-reel,546,5.250445400740626,RTSP,medium
non-reel,317,4.435395499233115,UDP,unstable
reel,706,17.29869238229794,TCP,medium
reel,2287,12.35500998083994,UDP,medium
reel,3602,6.275153220936507,TCP,good
reel,2362,25.95730585661922,UDP,medium
non-reel,250,4.460465276097445,QUIC,poor
non-reel,423,2.402406664959012,TCP,unstable
reel,2356,22.715886285649827,UDP,good
non-reel,49,6.233318241856663,RTSP,unstable
reel,3309,16.183807444148208,UDP,medium
non-reel,253,3.924387010745165,TCP,good
non-reel,568,3.8989600032822986,HTTP,poor
non-reel,823,3.3289581897918517,QUIC,unstable
non-reel,446,4.521646366002958,TCP,unstable
non-reel,287,6.1930277701477605,QUIC,poor
reel,2705,14.13901618449542,TCP,poor
reel,3850,13.105757650452112,RTSP,medium
reel,1978,17.84586833884147,UDP,poor
non-reel,403,4.024529007522969,HTTP,good
non-reel,546,5.075275862800476,UDP,poor
non-reel,131,3.8704631830017626,TCP,good
reel,2796,8.522821174374595,HTTP,good
reel,2617,7.61488667294748,HTTP,poor
reel,1778,9.239242207955636,TCP,poor
non-reel,-224,2.477979421110059,TCP,medium
non-reel,713,7.630196868027904,RTSP,good
reel,3214,1.8560541708828993,HTTP,medium
non-reel,542,1.539339010837058,HTTP,medium
non-reel,404,3.030473559361787,UDP,unstable
non-reel,735,3.389763840650594,HTTP,unstable
non-reel,181,3.7340430334088692,RTSP,poor
reel,2465,34.171442952831796,TCP,poor
reel,1767,10.108474414135536,QUIC,unstable
non-reel,410,4.079572328474205,QUIC,unstable
reel,2248,6.511327039544777,QUIC,poor
non-reel,285,2.4755528202462465,HTTP,poor
non-reel,630,4.975497483594513,RTSP,medium
non-reel,629,2.7900642203395485,RTSP,unstable
reel,2549,10.088192967637669,QUIC,medium
non-reel,1,4.298777151170547,UDP,poor
reel,2299,6.8033416233290716,UDP,poor
reel,2709,14.867170324605203,RTSP,unstable
reel,1808,1.7828655747614643,RTSP,good
non-reel,774,6.058739884140211,UDP,poor
non-reel,880,2.0730462904963565,UDP,unstable
non-reel,-76,2.637108257183905,QUIC,unstable
reel,3034,21.6244001070664,HTTP,medium
reel,1826,19.879441700981467,RTSP,medium
reel,2824,23.0994423400854,UDP,medium
non-reel,847,2.3886201840525194,UDP,medium
non-reel,1020,3.2550470500605004,QUIC,unstable
reel,2081,11.850797469531928,UDP,medium
reel,3217,18.353619076879465,QUIC,good
non-reel,214,0.6439287280417441,HTTP,poor
reel,1771,8.228875361434117,UDP,poor
non-reel,573,4.501521649704156,RTSP,poor
non-reel,445,5.657352626067706,UDP,unstable
non-reel,36,5.5392302025393265,HTTP,medium
non-reel,97,4.751463113673332,TCP,good
reel,2873,1.7257198397321911,QUIC,poor
reel,2311,11.376701984742523,TCP,poor
non-reel,383,3.8156233817608998,QUIC,poor
non-reel,-157,3.835629753283058,HTTP,good
reel,2014,-1.6208669680033072,QUIC,medium
non-reel,902,4.314568977640376,HTTP,medium
non-reel,-7,8.547079493860757,HTTP,poor
reel,2270,7.10896918086369,RTSP,good
reel,2990,8.77996703370556,TCP,medium
reel,3636,14.415145537514258,HTTP,unstable
reel,1045,5.694965868337807,TCP,medium
non-reel,547,2.068089327507691,HTTP,poor
reel,3365,13.719539287341794,HTTP,medium
reel,2912,12.621456879788507,RTSP,good
reel,3654,22.964999076286688,RTSP,poor
reel,2089,11.743843119966364,TCP,medium
non-reel,-308,6.1210716977519,HTTP,poor
reel,1437,26.33177384891337,RTSP,good
reel,3197,22.983051162628534,HTTP,good
non-reel,889,5.895458702726044,HTTP,medium
reel,1309,16.96040252952384,TCP,medium
reel,1683,17.848699306101985,UDP,unstable
reel,1980,5.560807532687592,TCP,good
reel,3106,12.405563725186486,RTSP,medium
reel,2329,24.06051967508134,UDP,good
reel,2986,19.246790859219857,RTSP,medium
reel,3126,11.958528313353288,UDP,unstable
non-reel,355,6.870153202468196,RTSP,good
non-reel,27,4.46839080598366,RTSP,medium
non-reel,-200,5.821816919301473,RTSP,unstable
non-reel,493,3.897727765609385,RTSP,unstable
non-reel,88,1.543869214017033,UDP,poor
reel,3042,15.522285144098202,QUIC,unstable
non-reel,221,2.549555219052782,RTSP,unstable
non-reel,378,3.1690652909618606,TCP,poor
non-reel,256,4.907447862352217,UDP,medium
reel,3283,11.888566842107531,HTTP,medium
reel,3287,18.115793602240792,HTTP,good
non-reel,629,3.9465762657546906,UDP,unstable
non-reel,473,1.51266550363979,TCP,unstable
reel,1826,8.7875409690133,QUIC,good
reel,2395,16.015473503438166,RTSP,medium
reel,1559,20.55004961106212,HTTP,unstable
reel,2332,2.1183015587437204,QUIC,unstable
reel,3142,11.447482268091395,HTTP,poor
reel,1260,3.8398105820922837,TCP,poor
non-reel,-470,2.143401340623255,HTTP,unstable
reel,1168,9.771569704178228,TCP,medium
reel,1224,12.389422676308223,UDP,unstable
non-reel,549,3.8087904851903054,QUIC,good
reel,3160,18.940956990546514,HTTP,medium
non-reel,131,2.752972021909981,QUIC,poor
non-reel,222,8.177092701035775,TCP,poor
non-reel,559,4.723981445985759,UDP,medium
reel,3004,17.014619174056136,UDP,poor
non-reel,681,3.650830588513601,UDP,medium
non-reel,896,5.589489867858978,TCP,good
non-reel,538,5.448687214345039,QUIC,poor
reel,2681,8.923721303261129,UDP,good
non-reel,1010,5.561893883089113,TCP,poor
non-reel,804,5.198851656711269,RTSP,poor
reel,1056,24.961792021087867,UDP,medium
reel,1588,29.68906922202027,UDP,unstable
non-reel,-310,8.323840592967416,UDP,poor
reel,2743,16.669786739039008,UDP,poor
reel,2475,7.097569815982971,QUIC,poor
non-reel,250,2.1903461364504393,UDP,medium
non-reel,478,0.9537147214875548,TCP,unstable
non-reel,137,0.6200112462747578,QUIC,poor
reel,2015,16.29542252024242,HTTP,good
non-reel,535,4.0483351414014495,QUIC,good
reel,2746,14.954425584833723,UDP,good
non-reel,561,1.8678614315221909,QUIC,good
non-reel,137,2.6622557622261276,TCP,unstable
non-reel,724,4.5177710437988265,HTTP,unstable
non-reel,334,3.4796974778805803,TCP,unstable
reel,3388,14.42871160397733,QUIC,poor
non-reel,291,6.316067703594236,TCP,medium
reel,1860,15.973170894976139,QUIC,unstable
reel,3092,13.027573538754407,QUIC,good
non-reel,284,4.4800246341306895,HTTP,medium
non-reel,505,5.031284667260319,UDP,poor
reel,1787,7.569468899643806,HTTP,good
non-reel,216,2.51041755776253,RTSP,good
reel,948,27.969538185189887,RTSP,good
reel,4308,18.504162891108535,RTSP,good
non-reel,74,4.056830361645436,RTSP,unstable
non-reel,795,11.174283498879086,HTTP,unstable
non-reel,-67,6.4400745905549535,QUIC,unstable
non-reel,752,5.967017572582766,HTTP,good
non-reel,447,3.9614443952540546,TCP,good
non-reel,419,5.733538585837444,QUIC,medium
reel,2258,24.595928667802273,HTTP,medium
non-reel,416,3.7311776938429193,QUIC,poor
non-reel,622,3.2043104439054986,RTSP,medium
reel,2489,14.043627563729023,TCP,unstable
reel,379,14.679907925902103,TCP,good
reel,2935,22.349366816588464,HTTP,good
reel,1902,4.435903136443729,HTTP,good
non-reel,316,3.440181193930992,HTTP,medium
reel,1151,19.540243854453326,TCP,medium
non-reel,492,5.529558952130277,UDP,poor
reel,2514,19.067122658395295,QUIC,good
reel,1744,16.199432645063382,UDP,medium
non-reel,668,3.4412881248551823,QUIC,unstable
reel,1475,23.53559182763504,QUIC,good
reel,1627,11.636991252430494,HTTP,poor
reel,3009,11.966125348414282,RTSP,medium
reel,2183,13.54827091583676,TCP,poor
non-reel,420,2.107327823939406,RTSP,medium
non-reel,141,6.12899799800454,UDP,good
non-reel,713,3.707860657401012,TCP,medium
non-reel,158,5.308396073914882,TCP,unstable
non-reel,322,6.266051383376197,TCP,poor
reel,2311,21.479600936143928,QUIC,poor
non-reel,-267,3.36563923967381,TCP,medium
non-reel,210,5.14603302978648,HTTP,medium
non-reel,518,4.39670786770888,QUIC,poor
non-reel,498,4.007245410725269,RTSP,poor
non-reel,178,7.54299669616193,QUIC,poor
non-reel,284,8.21867865739126,QUIC,good
non-reel,522,5.2882760996091775,TCP,good
reel,2037,4.571610113119313,HTTP,unstable
reel,1616,6.836439731622801,UDP,medium
non-reel,419,3.4039172256856403,UDP,good
reel,2989,20.251302769626445,HTTP,unstable
non-reel,506,1.794662605710712,HTTP,medium
non-reel,-317,2.6743013638122224,RTSP,poor
non-reel,609,4.760092996658033,QUIC,unstable
reel,1937,1.010409761255703,UDP,good
non-reel,-105,5.511626794803963,UDP,medium
non-reel,665,5.091298023911738,RTSP,good
reel,3850,8.126905275943354,TCP,good
reel,713,12.362455963648891,UDP,good
non-reel,674,5.711503148552323,QUIC,medium
reel,2989,2.7768494340706233,HTTP,good
non-reel,418,3.41512437696411,TCP,medium
non-reel,949,2.527495113412757,UDP,unstable
reel,2538,29.131937672640017,RTSP,unstable
non-reel,773,-0.33427368685134784,UDP,poor
non-reel,1201,0.8953628828149012,HTTP,good
non-reel,902,6.110829305722881,RTSP,poor
non-reel,728,4.938153779641906,TCP,medium
reel,3341,18.87201222248603,UDP,unstable
non-reel,219,5.398684650666779,QUIC,good
reel,2017,10.291441549242712,QUIC,good
reel,1062,9.120408210505342,QUIC,good
reel,2089,5.640630090918043,QUIC,medium
reel,2528,24.387946054368694,HTTP,unstable
non-reel,270,1.505964263168205,QUIC,medium
reel,3608,11.393170393945764,TCP,good
reel,2168,22.344349936852936,TCP,poor
non-reel,251,2.1687251281792,UDP,medium
reel,3328,6.574619593827974,UDP,unstable
non-reel,972,4.931448161721454,TCP,medium
reel,2428,19.45891701533438,TCP,unstable
reel,2522,16.687013849760106,HTTP,medium
reel,2458,15.452009358992115,TCP,medium
non-reel,-12,6.527699623330866,TCP,poor
non-reel,475,3.0799331901207845,RTSP,poor
non-reel,365,3.441042701829626,TCP,unstable
non-reel,363,5.913992066352539,UDP,good
non-reel,247,5.015347908614576,TCP,unstable
non-reel,795,5.320671246829023,HTTP,poor
reel,2256,15.157636987718528,UDP,unstable
reel,2470,14.149622504500877,TCP,poor
reel,1789,13.769056503228512,RTSP,medium
reel,3300,19.428134138200978,RTSP,medium
non-reel,500,5.5690821761337945,UDP,medium
non-reel,490,6.716231214255062,HTTP,medium
reel,2813,36.99288724216182,TCP,medium
non-reel,816,2.777051129884071,TCP,good
reel,3115,26.639821569178636,RTSP,poor
non-reel,524,2.5799712045022156,RTSP,poor
non-reel,562,5.72915259413336,QUIC,good
non-reel,162,3.1623228567105492,UDP,good
non-reel,512,4.953798504254645,QUIC,poor
non-reel,523,7.463390149896811,TCP,good
non-reel,553,4.147010862408949,RTSP,unstable
non-reel,284,4.041104314773794,RTSP,good
reel,1436,3.0528836939517525,QUIC,good
non-reel,636,4.2384472829066215,RTSP,poor
reel,2906,9.813846879686857,QUIC,good
non-reel,825,3.8859485501018356,RTSP,good
non-reel,1124,1.7069167032455956,TCP,unstable
non-reel,403,3.6631475027200904,TCP,poor
non-reel,507,7.7800389397213925,UDP,good
non-reel,363,0.6222773845077345,TCP,medium
non-reel,188,-1.338036467248478,HTTP,good
reel,2883,10.828844646232081,HTTP,poor
non-reel,410,5.308195906130967,HTTP,poor
reel,762,11.600467140225827,RTSP,unstable
non-reel,267,3.4864147800883916,TCP,poor
reel,1908,11.056504225984892,RTSP,unstable
non-reel,538,3.4605733693313523,UDP,medium
reel,2762,-2.8731168142393813,HTTP,unstable
reel,3618,28.09382972943698,TCP,poor
non-reel,914,3.203306496118409,UDP,good
reel,2699,19.8048897805914,HTTP,good
reel,2911,8.031079664774708,HTTP,poor
non-reel,1201,3.132852668256202,QUIC,medium
reel,1638,19.005444493259738,UDP,good
non-reel,285,4.870162289386102,QUIC,medium
reel,2510,12.58916850265243,HTTP,unstable
reel,1934,3.443876250292494,UDP,medium
non-reel,836,4.759335531362357,UDP,good
reel,3151,21.273248249259808,QUIC,good
non-reel,949,3.412957163344735,UDP,poor
reel,2145,19.294099906910084,RTSP,medium
non-reel,130,-0.10823733408005243,UDP,unstable
non-reel,299,1.535617575500384,RTSP,unstable
reel,3462,11.271332611897678,RTSP,good
non-reel,281,5.260588449566706,TCP,medium
reel,1042,15.551037582054104,RTSP,unstable
non-reel,946,5.1619681528507835,QUIC,medium
non-reel,276,4.275083100156195,TCP,medium
reel,3758,11.722547999028114,TCP,unstable
non-reel,468,5.594389162918049,UDP,unstable
reel,2319,23.0605343786524,QUIC,unstable
reel,1633,15.170205704037478,HTTP,unstable
reel,3980,15.520472914943806,TCP,poor
non-reel,339,0.9154800444435449,RTSP,unstable
non-reel,368,9.93308954442222,HTTP,medium
reel,2265,28.41742607804273,TCP,unstable
non-reel,611,5.9568653032012335,QUIC,good
reel,1140,12.332710790118432,HTTP,good
non-reel,506,5.650453808313584,UDP,poor
non-reel,359,4.611192188431301,RTSP,unstable
reel,2165,8.358384536139175,RTSP,poor
non-reel,528,3.1817693424866684,UDP,good
non-reel,130,3.02898302110847,TCP,unstable
reel,3019,13.03478802208419,HTTP,poor
non-reel,650,2.6414657407699638,RTSP,poor
non-reel,715,1.907293604578851,RTSP,unstable
non-reel,-28,3.210355429112441,HTTP,poor
non-reel,389,1.6180317119084031,RTSP,unstable
reel,2840,11.881776002142523,QUIC,good
non-reel,406,2.9591098105519356,QUIC,unstable
non-reel,167,2.1237102829956065,HTTP,unstable
non-reel,0,4.746698824280116,QUIC,good
non-reel,273,3.965998329427077,TCP,unstable
non-reel,78,3.4956404667758703,RTSP,unstable
non-reel,517,6.365340695012408,HTTP,good
non-reel,492,6.6488000577834345,TCP,medium
non-reel,222,5.711193795857911,UDP,unstable
reel,1408,7.341840140022388,RTSP,medium
reel,3149,4.879209458672047,HTTP,good
reel,2864,17.286199627661126,UDP,medium
reel,3366,17.16699560250205,RTSP,medium
non-reel,759,2.965467656341175,UDP,poor
non-reel,456,1.5775283307217087,RTSP,medium
non-reel,475,4.431357935098556,HTTP,medium
reel,2680,14.586605730079214,UDP,medium
non-reel,544,4.411059243212091,TCP,poor
reel,750,10.852719830034102,UDP,good
non-reel,590,6.54302856430579,QUIC,unstable
non-reel,530,3.041380676249523,HTTP,poor
non-reel,-139,0.6676967911782348,HTTP,medium
non-reel,263,7.686398260713504,UDP,poor
non-reel,802,6.769228664553187,HTTP,medium
reel,1973,11.36791148740961,HTTP,good
non-reel,624,4.116082260634326,TCP,unstable
non-reel,-176,-1.6631301012747919,TCP,good
non-reel,699,6.880984848616487,QUIC,poor
reel,2197,8.452913648014587,TCP,unstable
non-reel,520,3.5420686978862994,TCP,unstable
non-reel,638,0.36673703971427996,RTSP,unstable
non-reel,672,6.081246916822163,HTTP,unstable
reel,2690,0.253648636438335,UDP,medium
reel,1758,5.5548618356536785,QUIC,medium
reel,1588,30.090218993285855,TCP,good
non-reel,294,2.595181085508653,QUIC,poor
non-reel,98,3.7755414751446663,TCP,medium
non-reel,777,1.1740643369165884,QUIC,unstable
reel,2078,19.84880398068546,HTTP,poor
non-reel,399,4.146000891417696,QUIC,medium
non-reel,216,3.299549911316612,UDP,good
non-reel,175,3.3460340741554853,UDP,poor
non-reel,672,4.234336999389083,RTSP,unstable
reel,3819,20.084200991201552,RTSP,good
reel,2911,19.929585197257477,QUIC,poor
reel,2419,19.42070320610495,HTTP,unstable
reel,4004,11.976075721957786,QUIC,poor
non-reel,433,5.6039485642308104,HTTP,medium
reel,3480,16.177757954437073,TCP,unstable
non-reel,908,4.693429660222865,TCP,unstable
reel,2834,16.41053315054534,RTSP,medium
reel,1997,13.896897055634359,HTTP,unstable
non-reel,277,5.805258689506478,HTTP,medium
non-reel,219,3.208139840190416,QUIC,unstable
reel,3221,13.595896050482883,RTSP,medium
reel,2626,15.76211725279005,TCP,poor
non-reel,296,5.225825437693753,RTSP,medium
non-reel,665,6.575336832909596,QUIC,good
reel,3350,24.301602169908364,HTTP,medium
reel,1952,31.239137315226756,HTTP,unstable
non-reel,233,2.719908150812333,HTTP,poor
reel,2964,6.058566720628485,TCP,good
non-reel,964,4.249668572566604,QUIC,good
non-reel,-41,3.6647016058912816,TCP,poor
non-reel,896,4.167466672475133,RTSP,unstable
non-reel,233,0.46255314888798216,HTTP,good
reel,4972,16.965897175326297,TCP,good
non-reel,254,5.831251485205937,QUIC,medium
reel,1593,6.857686820403906,HTTP,unstable
non-reel,158,1.8149611973078734,TCP,medium
non-reel,1147,1.10296459458764,RTSP,good
non-reel,227,1.907544103574919,HTTP,medium
reel,1862,22.46175840866788,RTSP,unstable
reel,2373,8.916063201437542,QUIC,unstable
non-reel,22,1.008405723365863,HTTP,unstable
non-reel,-314,3.1525260466671257,RTSP,unstable
reel,2605,-8.228069559933772,RTSP,medium
non-reel,136,6.173127427849742,QUIC,unstable
non-reel,651,8.070548335675912,UDP,poor
reel,3062,10.78947418186048,QUIC,medium
non-reel,472,3.375160179202422,UDP,unstable
non-reel,-76,0.9082477089164849,QUIC,unstable
non-reel,245,4.300844164666325,UDP,good
reel,985,0.10267486051021635,HTTP,poor
reel,2001,13.530952591926514,RTSP,medium
reel,1667,9.027940020493638,HTTP,unstable
non-reel,-508,0.7981225367493647,RTSP,medium
non-reel,310,2.206258718872922,TCP,unstable
reel,2183,9.640888299660176,QUIC,poor
non-reel,217,4.964330971664043,TCP,unstable
non-reel,159,8.173240558269764,RTSP,medium
non-reel,484,7.450167322034519,QUIC,unstable
non-reel,455,4.332290487216233,TCP,unstable
reel,2813,19.673755381974686,HTTP,poor
reel,1719,18.74993119138549,RTSP,poor
reel,1690,24.14316600653691,RTSP,good
non-reel,-7,7.409626423355579,RTSP,medium
non-reel,525,6.3505746590882355,QUIC,unstable
non-reel,251,2.92765191495583,QUIC,poor
reel,2579,17.712716534971552,QUIC,good
reel,2388,28.59923219446383,HTTP,unstable
non-reel,418,0.7632388689635721,QUIC,poor
non-reel,611,4.813294589439319,TCP,poor
reel,2253,3.052769313501557,UDP,poor
reel,3124,11.95430961573203,UDP,medium
reel,2861,3.569834996184463,TCP,medium
reel,2305,12.065081615923438,UDP,poor
reel,3195,5.233806190099884,UDP,unstable
reel,2659,-2.8890311602746372,TCP,poor
reel,2784,14.30338727556012,RTSP,medium
non-reel,452,1.8028879257260915,QUIC,medium
reel,3387,29.535652512181358,UDP,medium
non-reel,486,3.9733807286888334,UDP,good
non-reel,206,4.11701615930841,TCP,poor
non-reel,604,6.161671937375847,RTSP,good
reel,1924,17.39159255851355,UDP,good
non-reel,523,4.19331500442496,HTTP,medium
reel,2952,8.78798259421099,QUIC,poor
reel,2262,23.304257422693702,QUIC,unstable
reel,4026,11.175193740934356,RTSP,medium
reel,2280,7.875388487039382,UDP,medium
non-reel,819,2.878063077467788,UDP,unstable
non-reel,751,2.5746437687719017,UDP,unstable
reel,2716,17.17116158429748,TCP,unstable
non-reel,584,5.029624755880319,UDP,unstable
reel,2384,24.362286119040462,TCP,medium
non-reel,768,7.686322702487239,TCP,unstable
non-reel,330,4.666123021388237,RTSP,unstable
reel,2185,14.418566164588718,UDP,unstable
non-reel,346,4.734666668822855,RTSP,poor
reel,3956,15.057612654746999,HTTP,unstable
reel,464,33.028285022249776,HTTP,medium
reel,2445,12.704497332670305,TCP,poor
non-reel,415,2.833885847693246,HTTP,medium
reel,1965,18.493375916995394,HTTP,medium
non-reel,362,4.431593807425469,UDP,good
non-reel,860,0.7783573070099639,HTTP,poor
non-reel,221,7.862876566284492,QUIC,unstable
non-reel,356,3.5372023798447594,TCP,good
reel,1949,21.018839960623687,QUIC,poor
non-reel,385,3.45868820790291,RTSP,poor
reel,1659,21.89084575985553,HTTP,poor
reel,2314,9.35897757711454,QUIC,unstable
non-reel,338,3.1146604633064654,RTSP,unstable
non-reel,780,4.279224512096771,TCP,good
reel,2534,-3.313849884411468,QUIC,good
non-reel,403,2.9956147098734336,QUIC,unstable
reel,883,11.097049372143674,UDP,poor
non-reel,307,5.161998432319422,RTSP,poor
reel,985,17.011535704084213,TCP,good
non-reel,826,3.5116193552189325,UDP,unstable
non-reel,175,4.906611820739884,HTTP,unstable
non-reel,-153,8.003284503478394,TCP,good
reel,1999,17.136214057697657,RTSP,good
reel,2548,22.476621328184507,HTTP,medium
non-reel,591,4.5327231456392525,TCP,good
non-reel,426,4.181108559653266,QUIC,poor
non-reel,500,2.791637055982225,UDP,good
non-reel,148,1.607696575930071,TCP,medium
non-reel,14,1.161205539751013,RTSP,good
reel,2359,31.528972440819835,HTTP,poor
non-reel,-16,5.0769076645244615,QUIC,unstable
non-reel,520,6.849522899669639,QUIC,good
reel,2355,-1.2326436302207018,QUIC,good
non-reel,169,4.431788787545971,TCP,good
reel,1722,13.847009847431533,UDP,good
reel,1913,23.272333595627828,RTSP,unstable
reel,3557,-2.0533699894623467,UDP,unstable
reel,2904,11.992435859361791,UDP,poor
reel,3037,25.448511686955655,QUIC,poor
reel,2332,4.516237134543935,RTSP,medium
non-reel,388,3.9863084005422693,UDP,medium
reel,2762,17.272632656595512,RTSP,unstable
non-reel,-273,3.196141333190993,UDP,unstable
non-reel,123,4.178834581361611,TCP,unstable
non-reel,216,8.679758045801854,QUIC,good
non-reel,34,5.430710834621812,QUIC,medium
reel,1863,26.265161364902916,HTTP,unstable
reel,3000,15.088523236281494,TCP,medium
non-reel,620,4.204316869631889,QUIC,unstable
reel,2765,11.030554906696024,QUIC,medium
non-reel,547,2.198982062726043,UDP,poor
reel,2153,21.40057919338668,UDP,poor
non-reel,440,2.1725306097326413,RTSP,unstable
non-reel,-230,6.6099952961104345,TCP,good
non-reel,416,6.119472494637865,UDP,good
non-reel,488,2.373204513603844,TCP,poor
reel,2338,14.152392088107108,HTTP,medium
non-reel,665,3.334793617394972,TCP,medium
reel,3468,15.447062101785855,QUIC,poor
non-reel,513,4.146943348765326,RTSP,unstable
non-reel,149,1.3104758699423242,HTTP,medium
non-reel,159,5.672120837411155,HTTP,poor
reel,2917,16.659334833421052,HTTP,poor
reel,1679,19.755200213429916,RTSP,unstable
non-reel,541,0.9625738512764381,QUIC,unstable
non-reel,707,8.042904600196643,QUIC,good
non-reel,490,6.398044275091645,TCP,unstable
non-reel,394,3.2647958220720383,HTTP,unstable
reel,1631,8.19351236391423,TCP,poor
non-reel,535,1.5400885028370008,TCP,medium
non-reel,468,6.234852329625262,HTTP,poor
non-reel,-123,3.8251280583281573,TCP,medium
reel,2481,12.898205140065679,TCP,medium
non-reel,880,4.71403141835153,QUIC,poor
non-reel,296,2.9258940029026674,TCP,good
reel,1923,21.79552000962198,HTTP,good
reel,3093,17.295289932086632,HTTP,poor
non-reel,786,2.814984072931992,TCP,poor
reel,1060,9.63947361503298,QUIC,poor
reel,3570,7.997692526040619,QUIC,good
reel,2416,8.125421833963454,QUIC,good
non-reel,497,3.089262414226927,QUIC,medium
non-reel,412,2.1451116891921913,RTSP,poor
non-reel,86,4.181688379516669,UDP,good
reel,2843,17.395031960386298,HTTP,poor
reel,1048,14.165170618584742,HTTP,poor
reel,2096,9.719749730891087,RTSP,unstable
non-reel,592,5.038767421149345,HTTP,unstable
non-reel,1139,2.691566695132762,RTSP,poor
reel,3472,0.22740278489763455,RTSP,medium
non-reel,482,5.483040336194991,QUIC,poor
reel,2996,15.233541045866962,TCP,unstable
non-reel,815,6.1875046232980555,TCP,medium
non-reel,220,6.624180168079618,HTTP,medium
reel,3308,7.086616597737936,HTTP,unstable
non-reel,751,7.854419865861614,TCP,unstable
non-reel,331,2.3224505799775104,TCP,medium
non-reel,1082,4.579577583440021,HTTP,medium
non-reel,640,5.075391960251074,UDP,unstable
reel,1636,7.7059763265013785,TCP,good
non-reel,293,2.4048251506033793,HTTP,poor
non-reel,348,-0.05604924595266958,HTTP,good
reel,1905,27.760677563866636,TCP,medium
reel,2014,24.31184850417688,TCP,unstable
non-reel,543,2.2550076758787188,QUIC,unstable
reel,2871,12.784019133734574,UDP,good
non-reel,91,0.8025512060695568,HTTP,poor
non-reel,408,6.415990376295337,RTSP,unstable
reel,2080,24.39635986071339,TCP,poor
reel,2385,0.6906097830493412,QUIC,medium
reel,1948,25.68399135098013,RTSP,poor
reel,3268,26.100384383944768,RTSP,unstable
non-reel,261,4.282747012000514,UDP,unstable
reel,885,18.5780963773448,HTTP,medium
non-reel,312,5.341789953762582,TCP,poor
reel,2890,12.537521483421258,HTTP,poor
reel,3552,3.044211840770199,HTTP,poor
reel,2762,2.9820309843866166,QUIC,poor
non-reel,183,3.450600109355705,TCP,unstable
reel,1641,4.198368495656217,HTTP,unstable
reel,2100,-0.7652450838312568,HTTP,medium
non-reel,360,2.8988904120881673,QUIC,unstable
non-reel,371,6.867584955585705,HTTP,good
reel,2097,12.94165933692537,QUIC,unstable
reel,3637,13.197220058883074,HTTP,good
reel,3325,4.822345427144894,RTSP,medium
reel,3273,17.285261210448578,HTTP,good
non-reel,362,5.8882058373756205,QUIC,medium
non-reel,300,1.5987210596403303,TCP,good
non-reel,671,1.8470074209980565,TCP,poor
reel,2217,6.880653229599093,QUIC,medium
non-reel,390,3.7871787796030287,TCP,medium
reel,3275,22.047368065441106,QUIC,good
non-reel,797,5.025027345193291,UDP,medium
non-reel,220,2.499026532475864,UDP,medium
non-reel,909,3.811149320720531,UDP,unstable
non-reel,52,6.606685386618395,RTSP,unstable
non-reel,413,5.176183777155643,RTSP,good
non-reel,-5,5.667773660068846,UDP,unstable
non-reel,259,3.7471174806293197,HTTP,poor
non-reel,1,5.94856482241874,UDP,good
non-reel,332,3.3235595615102156,QUIC,unstable
reel,3264,13.097395185726114,QUIC,unstable
non-reel,11,3.0699667776516795,HTTP,unstable
reel,1888,13.663064793834524,TCP,medium
non-reel,535,4.680660908630902,HTTP,good
non-reel,496,1.7130921411022704,RTSP,poor
non-reel,691,7.12298915917477,TCP,medium
reel,3338,20.540235730093706,HTTP,medium
reel,3621,16.244306854845746,TCP,medium
non-reel,313,0.7279950738780352,HTTP,unstable
reel,2547,-1.6051746163693377,QUIC,poor
non-reel,127,5.116635481890517,UDP,good
reel,3140,16.826189940568682,RTSP,unstable
reel,1680,17.553534074582863,QUIC,medium
reel,1759,11.78094420339524,QUIC,unstable
non-reel,996,3.286361938242875,QUIC,good
reel,3489,11.451088628506533,HTTP,poor
reel,3505,15.185734407986853,HTTP,poor
non-reel,930,7.001145174600895,QUIC,medium
non-reel,410,2.7639342706113323,RTSP,unstable
non-reel,710,5.333493672816781,HTTP,poor
reel,1616,18.364962299578007,RTSP,poor
reel,4455,11.42759635390296,RTSP,poor
reel,2518,32.66908518678933,HTTP,medium
non-reel,187,2.3957260459088308,RTSP,medium
non-reel,-116,1.5284704865767975,HTTP,unstable
reel,2552,8.426926295359056,UDP,medium
reel,1915,3.22497080742229,UDP,good
non-reel,-37,5.014061873153207,UDP,medium
reel,2104,8.907583010187974,UDP,good
non-reel,315,4.9233594015575415,QUIC,unstable
reel,1865,24.220298389219195,QUIC,good
reel,3175,4.698519143815256,RTSP,poor
non-reel,341,6.349737240015735,RTSP,good
non-reel,398,5.291092747752629,HTTP,poor
reel,3469,17.782331248934355,QUIC,unstable
non-reel,894,5.753597416112125,UDP,good
non-reel,464,3.535600062739097,UDP,medium
non-reel,283,5.127164739290107,UDP,unstable
non-reel,310,2.2868354155759425,HTTP,medium
non-reel,644,4.092541824581936,UDP,poor
non-reel,-175,3.2976285230759474,RTSP,unstable
non-reel,533,1.8551993704548964,RTSP,good
reel,2366,15.749215436648063,QUIC,good
reel,2664,7.389478457398652,UDP,unstable
reel,3653,26.06893184588352,HTTP,unstable
non-reel,905,0.22966672810974753,HTTP,unstable
reel,2670,12.240299409080029,TCP,unstable
reel,1906,14.87538775549032,TCP,medium
non-reel,364,4.08304165780468,TCP,unstable
reel,2955,20.57689037529098,TCP,medium
non-reel,277,3.3131574612931884,RTSP,unstable
non-reel,392,4.340689497882801,QUIC,good
non-reel,479,0.5623502295173051,QUIC,poor
reel,3325,10.774426224848472,UDP,good
non-reel,33,3.0738843451057303,QUIC,medium
non-reel,-52,7.629819184675928,HTTP,poor
non-reel,640,4.03461563126364,QUIC,medium
non-reel,497,4.907569473520116,TCP,unstable
non-reel,360,1.6080520034083667,QUIC,poor
reel,3833,16.185053307598356,RTSP,unstable
non-reel,1,3.0564574898840635,QUIC,unstable
reel,2558,11.181862293105098,TCP,unstable
non-reel,370,0.9335628854986,UDP,unstable
reel,2748,19.57374205339625,RTSP,medium
non-reel,289,2.385249143972012,RTSP,poor
non-reel,161,6.078160060559026,QUIC,medium
non-reel,-289,4.738258989444401,HTTP,poor
non-reel,487,3.2542364465059936,UDP,poor
reel,1006,19.438825392593387,QUIC,poor
reel,3916,17.60343822593599,HTTP,good
reel,2047,16.203026595661367,HTTP,unstable
non-reel,562,3.262372634716326,UDP,medium
reel,2225,27.084233242270173,HTTP,good
non-reel,219,5.3735691384847835,QUIC,poor
non-reel,382,3.488998370884464,TCP,good
non-reel,-284,6.046198406693428,QUIC,good
reel,2619,13.084920815356561,UDP,good
non-reel,-86,4.249783353038638,TCP,unstable
non-reel,38,4.827448621250399,RTSP,poor
reel,3273,16.085136051286778,TCP,good
non-reel,872,6.29923748994567,UDP,good
reel,2847,16.76773369678389,UDP,poor
non-reel,-33,6.753973201245604,HTTP,medium
reel,2240,15.43938209261706,HTTP,poor
non-reel,1168,1.7386891393599098,HTTP,medium
non-reel,676,2.8981504724844056,QUIC,good
non-reel,423,3.564354218449091,HTTP,unstable
non-reel,366,2.5681889360300483,HTTP,good
non-reel,203,6.778988301386741,TCP,poor
reel,1380,1.3801401422505695,TCP,poor
reel,3227,20.092993812156948,TCP,poor
non-reel,542,3.339419383862105,HTTP,unstable
non-reel,1180,4.272734968382405,HTTP,poor
reel,2223,16.80148182182147,TCP,medium
non-reel,91,5.315824196940952,TCP,good
reel,2051,6.053226604550535,TCP,good
non-reel,596,3.5967423235532126,HTTP,poor
reel,2852,18.74643701194695,TCP,medium
reel,697,20.70930812796892,QUIC,good
reel,2180,33.01319855958688,RTSP,poor
reel,2982,-2.3950794224995846,RTSP,good
reel,2593,-0.6847362923329268,TCP,medium
non-reel,588,4.934104906729796,HTTP,good
reel,3266,16.158845415710633,HTTP,unstable
non-reel,-104,4.924156409858068,TCP,medium
non-reel,1006,5.264980817765647,RTSP,unstable
non-reel,721,4.799597164620782,HTTP,unstable
non-reel,306,-0.5482398836800328,TCP,poor
reel,795,32.81237440067734,HTTP,good
non-reel,692,6.901768922334217,HTTP,unstable
reel,2933,0.6412256082056746,QUIC,medium
reel,2285,3.271148328086893,QUIC,good
non-reel,648,4.971660373049964,HTTP,poor
reel,2259,13.092794242448756,RTSP,medium
non-reel,311,3.427141799388711,UDP,poor
non-reel,6,5.112975353276929,RTSP,medium
non-reel,492,5.808710261773825,TCP,good
reel,2549,4.90617941167435,HTTP,good
non-reel,1213,5.136040233050961,UDP,poor
reel,1721,10.329071087752384,TCP,medium
reel,3575,11.110340486935444,UDP,good
reel,3577,17.83783817762623,UDP,poor
non-reel,1008,2.8738242772971203,QUIC,poor
reel,913,15.073756988362053,HTTP,unstable
non-reel,360,4.184138499667112,HTTP,good
reel,2247,31.193644482859604,UDP,poor
reel,1925,17.87663866176022,UDP,unstable
reel,1859,31.035080688092986,QUIC,poor
reel,3008,3.4388978892787936,HTTP,unstable
reel,3231,14.989005129895972,RTSP,unstable
non-reel,937,5.8284919772098025,RTSP,good
non-reel,594,6.2748423696366045,UDP,poor
non-reel,208,7.481433568281764,RTSP,poor
reel,3342,4.2282684922076506,HTTP,medium
non-reel,309,1.0663709717077383,UDP,medium
reel,-233,21.071775488530676,QUIC,unstable
reel,3219,7.674192954125189,TCP,unstable
reel,2261,18.685567785963027,QUIC,good
reel,3151,0.3577860616206383,QUIC,medium
non-reel,501,9.508903400616113,QUIC,good
reel,2803,19.006981749688563,QUIC,poor
non-reel,338,3.2592439818696475,UDP,poor
non-reel,45,3.8642603596683194,QUIC,poor
reel,2150,21.44310097596071,RTSP,unstable
non-reel,528,4.524595176395683,RTSP,unstable
non-reel,781,3.233410634201551,TCP,medium
non-reel,-9,3.2843758991528476,QUIC,unstable
reel,2145,14.561076866602871,QUIC,unstable
non-reel,-51,2.7869331086901505,UDP,unstable
non-reel,262,3.9536058620585486,TCP,good
non-reel,977,-0.9749801448928492,QUIC,poor
reel,2967,3.211272386015116,TCP,medium
reel,1652,11.713107010385446,TCP,medium
non-reel,438,2.7320935391323538,TCP,unstable
non-reel,395,3.064539468234405,RTSP,good
reel,3041,12.412645788158606,TCP,good
non-reel,1013,2.600552628953887,RTSP,medium
reel,3298,-3.777450836180776,QUIC,medium
non-reel,372,2.965083502894836,HTTP,poor
reel,3667,5.228854066941764,UDP,good
non-reel,420,4.25121606305313,HTTP,poor
non-reel,54,3.7864367935216037,TCP,good
non-reel,779,1.941109009823931,RTSP,poor
non-reel,-44,8.310372311021801,HTTP,unstable
non-reel,676,8.161348414285317,HTTP,medium
non-reel,-10,4.544912464898374,HTTP,medium
non-reel,994,4.353380462555938,TCP,poor
non-reel,-122,7.255494227019694,RTSP,unstable
non-reel,914,4.275434572949331,RTSP,good
non-reel,789,6.418348913421033,RTSP,good
non-reel,-65,2.6593136861381135,RTSP,poor
reel,2200,6.123918556341913,TCP,good
non-reel,293,5.927744516302701,UDP,medium
non-reel,777,5.203988846748663,QUIC,medium
non-reel,318,4.525231764339724,UDP,medium
non-reel,285,1.6962011586201364,TCP,poor
reel,1327,21.318890721514737,UDP,medium
reel,1983,12.827788737448053,RTSP,medium
non-reel,672,1.4129859578891533,TCP,medium
reel,2911,12.236562512149167,RTSP,unstable
reel,2220,24.758069310904276,HTTP,medium
non-reel,637,2.1430822065826236,UDP,medium
reel,3374,5.300172749399152,RTSP,poor
non-reel,604,3.9462391260964798,TCP,poor
reel,2045,-4.003036966132019,HTTP,good
non-reel,162,4.310971638826761,UDP,unstable
non-reel,440,2.629788445111423,UDP,medium
reel,2056,14.875204789741202,QUIC,good
non-reel,449,4.744542386381703,HTTP,medium
non-reel,452,2.908519327954644,UDP,medium
reel,2356,25.954896275371176,TCP,unstable
reel,1581,24.932025730084483,QUIC,unstable
reel,2573,10.102810225080416,HTTP,medium
reel,2616,6.393247216231627,HTTP,poor
reel,3041,17.33108178834773,TCP,good
non-reel,451,3.1245862722793065,UDP,unstable
non-reel,412,10.165568547812013,QUIC,unstable
non-reel,717,5.368693423596959,TCP,unstable
reel,2688,17.573416398519647,UDP,medium
reel,1750,16.93477476659112,TCP,good
reel,1810,5.59684071445416,UDP,good
